Clang 21.0.0 detected
Creating ../../../../osx_clang/bin/x64/Debug
Precompiling src/emu/emu.h...
Compiling src/emu/drivers/empty.cpp...
Archiving libprecompile.a...
Compiling 3rdparty/bx/src/allocator.cpp...
Compiling 3rdparty/lzma/C/7zAlloc.c...
Compiling 3rdparty/bgfx/3rdparty/dear-imgui/imgui.cpp...
Compiling 3rdparty/bgfx/3rdparty/dear-imgui/imgui_draw.cpp...
Compiling 3rdparty/bimg/3rdparty/astc-encoder/source/astcenc_averages_and_directions.cpp...
Compiling src/emu/addrmap.cpp...
Compiling 3rdparty/asmjit/asmjit/arm/a64assembler.cpp...
Compiling 3rdparty/lzma/C/7zArcIn.c...
Compiling 3rdparty/bx/src/bx.cpp...
Creating ../../../../osx_clang/bin/x64/Debug/mame_upcheck
Compiling src/devices/cpu/adsp2100/2100dasm.cpp...
Compiling 3rdparty/lzma/C/7zBuf.c...
Compiling 3rdparty/bx/src/commandline.cpp...
Compiling 3rdparty/lzma/C/7zBuf2.c...
Compiling 3rdparty/lzma/C/7zCrc.c...
Compiling 3rdparty/lzma/C/7zCrcOpt.c...
Compiling 3rdparty/bx/src/crtnone.cpp...
Compiling 3rdparty/lzma/C/7zDec.c...
Compiling 3rdparty/lzma/C/7zFile.c...
Compiling 3rdparty/lzma/C/7zStream.c...
Compiling 3rdparty/lzma/C/Aes.c...
Compiling 3rdparty/bx/src/debug.cpp...
Compiling src/devices/cpu/arm7/arm7dasm.cpp...
Compiling 3rdparty/lzma/C/AesOpt.c...
Compiling 3rdparty/bimg/3rdparty/astc-encoder/source/astcenc_block_sizes.cpp...
Compiling 3rdparty/lzma/C/Alloc.c...
Compiling 3rdparty/lzma/C/Bcj2.c...
Compiling 3rdparty/lzma/C/Bra.c...
Compiling 3rdparty/bx/src/dtoa.cpp...
Compiling 3rdparty/lzma/C/Bra86.c...
Compiling 3rdparty/lzma/C/BraIA64.c...
Compiling 3rdparty/lzma/C/CpuArch.c...
Compiling 3rdparty/lzma/C/Delta.c...
Compiling 3rdparty/asmjit/asmjit/arm/a64builder.cpp...
Compiling 3rdparty/lzma/C/LzFind.c...
Compiling 3rdparty/bx/src/easing.cpp...
Compiling 3rdparty/asmjit/asmjit/arm/a64compiler.cpp...
Compiling 3rdparty/lzma/C/LzFindOpt.c...
Compiling src/emu/attotime.cpp...
Compiling 3rdparty/lzma/C/Lzma2Dec.c...
Compiling 3rdparty/lzma/C/LzmaDec.c...
Compiling src/devices/cpu/avr8/avr8dasm.cpp...
Compiling 3rdparty/bx/src/file.cpp...
Compiling 3rdparty/lzma/C/LzmaEnc.c...
Compiling src/emu/audio_effects/aeffect.cpp...
Compiling 3rdparty/asmjit/asmjit/arm/a64emithelper.cpp...
Compiling 3rdparty/bimg/3rdparty/astc-encoder/source/astcenc_color_quantize.cpp...
Compiling src/devices/cpu/f2mc16/f2mc16d.cpp...
Compiling 3rdparty/bx/src/filepath.cpp...
Compiling 3rdparty/asmjit/asmjit/arm/a64formatter.cpp...
Compiling 3rdparty/bx/src/hash.cpp...
Compiling src/emu/audio_effects/compressor.cpp...
Compiling 3rdparty/lzma/C/Ppmd7.c...
Compiling 3rdparty/bx/src/math.cpp...
Compiling 3rdparty/lzma/C/Ppmd7Dec.c...
Compiling 3rdparty/lzma/C/Sha256.c...
Compiling 3rdparty/lzma/C/Sha256Opt.c...
Compiling 3rdparty/asmjit/asmjit/arm/a64func.cpp...
Compiling 3rdparty/bimg/3rdparty/astc-encoder/source/astcenc_color_unquantize.cpp...
Compiling src/devices/cpu/fr/frdasm.cpp...
Compiling 3rdparty/lzma/C/Sort.c...
Compiling 3rdparty/bx/src/mutex.cpp...
Archiving lib7z.a...
Compiling src/emu/audio_effects/eq.cpp...
Compiling 3rdparty/bx/src/os.cpp...
Compiling 3rdparty/bgfx/3rdparty/dear-imgui/imgui_tables.cpp...
Compiling 3rdparty/bx/src/process.cpp...
Compiling 3rdparty/asmjit/asmjit/arm/a64instapi.cpp...
Compiling 3rdparty/bx/src/semaphore.cpp...
Compiling 3rdparty/bx/src/settings.cpp...
Compiling 3rdparty/expat/lib/random_arc4random.c...
Compiling 3rdparty/asmjit/asmjit/arm/a64instdb.cpp...
Compiling 3rdparty/expat/lib/random_arc4random_buf.c...
Compiling src/devices/cpu/h8/gt913d.cpp...
Compiling src/emu/audio_effects/filter.cpp...
Compiling 3rdparty/expat/lib/random_dev_urandom.c...
Compiling 3rdparty/expat/lib/xmlparse.c...
Compiling 3rdparty/bimg/3rdparty/astc-encoder/source/astcenc_compress_symbolic.cpp...
Compiling src/devices/cpu/h8/h8d.cpp...
Compiling 3rdparty/bx/src/sort.cpp...
Compiling 3rdparty/asmjit/asmjit/arm/a64operand.cpp...
Compiling src/emu/audio_effects/reverb.cpp...
Compiling 3rdparty/asmjit/asmjit/arm/a64rapass.cpp...
Compiling 3rdparty/bx/src/string.cpp...
Compiling 3rdparty/bgfx/3rdparty/dear-imgui/imgui_widgets.cpp...
Compiling src/devices/cpu/h8/h8hd.cpp...
Compiling src/devices/cpu/h8/h8s2000d.cpp...
Compiling 3rdparty/bimg/3rdparty/astc-encoder/source/astcenc_compute_variance.cpp...
Compiling src/devices/cpu/h8/h8s2600d.cpp...
Compiling 3rdparty/expat/lib/xmlrole.c...
Compiling 3rdparty/bx/src/thread.cpp...
Compiling 3rdparty/expat/lib/xmltok.c...
Compiling 3rdparty/bx/src/timer.cpp...
Compiling 3rdparty/bx/src/url.cpp...
Compiling 3rdparty/asmjit/asmjit/arm/armformatter.cpp...
Archiving libbx.a...
Compiling src/emu/bookkeeping.cpp...
Compiling src/devices/cpu/hpc/hpcdasm.cpp...
Compiling 3rdparty/flac/src/libFLAC/bitmath.c...
Compiling 3rdparty/bimg/3rdparty/astc-encoder/source/astcenc_decompress_symbolic.cpp...
Compiling 3rdparty/asmjit/asmjit/core/archtraits.cpp...
Compiling 3rdparty/flac/src/libFLAC/bitreader.c...
Compiling 3rdparty/flac/src/libFLAC/bitwriter.c...
Compiling src/devices/cpu/i386/i386dasm.cpp...
Compiling 3rdparty/flac/src/libFLAC/cpu.c...
Compiling 3rdparty/flac/src/libFLAC/crc.c...
Compiling 3rdparty/asmjit/asmjit/core/assembler.cpp...
Compiling 3rdparty/flac/src/libFLAC/fixed.c...
Archiving libexpat.a...
Compiling 3rdparty/bgfx/examples/common/imgui/imgui.cpp...
Compiling 3rdparty/flac/src/libFLAC/fixed_intrin_avx2.c...
Compiling 3rdparty/flac/src/libFLAC/fixed_intrin_sse2.c...
Compiling 3rdparty/flac/src/libFLAC/fixed_intrin_sse42.c...
Compiling 3rdparty/flac/src/libFLAC/fixed_intrin_ssse3.c...
Compiling 3rdparty/flac/src/libFLAC/float.c...
Compiling 3rdparty/flac/src/libFLAC/format.c...
Compiling 3rdparty/asmjit/asmjit/core/builder.cpp...
Compiling 3rdparty/flac/src/libFLAC/lpc.c...
Compiling 3rdparty/bimg/3rdparty/astc-encoder/source/astcenc_diagnostic_trace.cpp...
Compiling 3rdparty/bimg/3rdparty/astc-encoder/source/astcenc_entry.cpp...
Compiling src/devices/cpu/i8085/8085dasm.cpp...
Compiling src/emu/config.cpp...
Compiling 3rdparty/bgfx/examples/common/nanovg/nanovg.cpp...
Compiling 3rdparty/asmjit/asmjit/core/codeholder.cpp...
Compiling 3rdparty/flac/src/libFLAC/lpc_intrin_avx2.c...
Compiling src/devices/cpu/ie15/ie15dasm.cpp...
Compiling 3rdparty/flac/src/libFLAC/lpc_intrin_fma.c...
Compiling 3rdparty/flac/src/libFLAC/lpc_intrin_neon.c...
Compiling 3rdparty/bgfx/examples/common/nanovg/nanovg_bgfx.cpp...
Compiling src/emu/crsshair.cpp...
Compiling src/devices/cpu/m37710/m7700ds.cpp...
Compiling 3rdparty/flac/src/libFLAC/lpc_intrin_sse2.c...
Compiling 3rdparty/flac/src/libFLAC/lpc_intrin_sse41.c...
Compiling 3rdparty/flac/src/libFLAC/md5.c...
Compiling src/lib/formats/86f_dsk.cpp...
Compiling 3rdparty/bimg/3rdparty/astc-encoder/source/astcenc_find_best_partitioning.cpp...
Compiling 3rdparty/flac/src/libFLAC/memory.c...
Compiling 3rdparty/flac/src/libFLAC/stream_decoder.c...
Compiling src/emu/debug/debugbuf.cpp...
Compiling 3rdparty/asmjit/asmjit/core/codewriter.cpp...
Compiling src/devices/cpu/m6502/deco16d.cpp...
Compiling 3rdparty/bgfx/src/bgfx.cpp...
Compiling 3rdparty/flac/src/libFLAC/stream_encoder.c...
Compiling 3rdparty/asmjit/asmjit/core/compiler.cpp...
Compiling 3rdparty/bgfx/src/debug_renderdoc.cpp...
Compiling src/devices/cpu/m6502/m4510d.cpp...
../../../../../3rdparty/flac/src/libFLAC/stream_encoder.c:1765:43: warning: cast from function call of type 'double' to non-matching type 'FLAC__int32' (aka 'int') [-Wbad-function-cast]
 1765 |                         FLAC__int32 tukey_parts = (FLAC__int32)strtod(specification+14, 0);
      |                                                                ^~~~~~~~~~~~~~~~~~~~~~~~~~~
../../../../../3rdparty/flac/src/libFLAC/stream_encoder.c:1786:43: warning: cast from function call of type 'double' to non-matching type 'FLAC__int32' (aka 'int') [-Wbad-function-cast]
 1786 |                         FLAC__int32 tukey_parts = (FLAC__int32)strtod(specification+15, 0);
      |                                                                ^~~~~~~~~~~~~~~~~~~~~~~~~~~
../../../../../3rdparty/flac/src/libFLAC/stream_encoder.c:1807:37: warning: cast from function call of type 'double' to non-matching type 'FLAC__int32' (aka 'int') [-Wbad-function-cast]
 1807 |                         FLAC__int32 parts = (FLAC__int32)strtod(specification+16, 0);
      |                                                          ^~~~~~~~~~~~~~~~~~~~~~~~~~~
Compiling src/devices/cpu/m6502/m6502d.cpp...
Compiling 3rdparty/bimg/3rdparty/astc-encoder/source/astcenc_ideal_endpoints_and_weights.cpp...
Compiling 3rdparty/bgfx/src/dxgi.cpp...
Compiling 3rdparty/asmjit/asmjit/core/constpool.cpp...
3 warnings generated.
Compiling 3rdparty/flac/src/libFLAC/stream_encoder_framing.c...
Compiling src/lib/formats/aiffile.cpp...
Compiling 3rdparty/flac/src/libFLAC/stream_encoder_intrin_avx2.c...
Compiling 3rdparty/flac/src/libFLAC/stream_encoder_intrin_sse2.c...
Compiling 3rdparty/flac/src/libFLAC/stream_encoder_intrin_ssse3.c...
Objective-C compiling 3rdparty/bgfx/src/glcontext_eagl.mm...
Compiling src/devices/cpu/m6502/m6509d.cpp...
Compiling 3rdparty/flac/src/libFLAC/window.c...
Compiling 3rdparty/asmjit/asmjit/core/cpuinfo.cpp...
Archiving libflac.a...
Compiling src/devices/cpu/m6502/m6510d.cpp...
Compiling src/emu/debug/debugcmd.cpp...
Compiling src/frontend/mame/audit.cpp...
Compiling 3rdparty/asmjit/asmjit/core/emithelper.cpp...
Compiling src/devices/cpu/m6502/m65ce02d.cpp...
Compiling 3rdparty/bimg/3rdparty/astc-encoder/source/astcenc_image.cpp...
Compiling src/devices/cpu/m6502/m740d.cpp...
Compiling 3rdparty/asmjit/asmjit/core/emitter.cpp...
Compiling src/lib/formats/all.cpp...
Compiling src/devices/cpu/m6502/r65c02d.cpp...
Compiling 3rdparty/asmjit/asmjit/core/emitterutils.cpp...
Compiling src/devices/cpu/m6502/r65c19d.cpp...
Compiling 3rdparty/asmjit/asmjit/core/environment.cpp...
Compiling 3rdparty/bimg/3rdparty/astc-encoder/source/astcenc_integer_sequence.cpp...
Compiling src/devices/cpu/m6502/rp2a03d.cpp...
Compiling 3rdparty/asmjit/asmjit/core/errorhandler.cpp...
Compiling src/frontend/mame/cheat.cpp...
Compiling 3rdparty/asmjit/asmjit/core/formatter.cpp...
Compiling src/devices/cpu/m6502/w65816d.cpp...
Compiling 3rdparty/bgfx/src/glcontext_egl.cpp...
Compiling src/devices/cpu/m6502/w65c02d.cpp...
Compiling 3rdparty/asmjit/asmjit/core/func.cpp...
Compiling 3rdparty/bimg/3rdparty/astc-encoder/source/astcenc_mathlib.cpp...
Compiling src/lib/formats/ap2_dsk.cpp...
Compiling 3rdparty/libjpeg/jaricom.c...
Compiling 3rdparty/libjpeg/jcapimin.c...
Compiling 3rdparty/libjpeg/jcapistd.c...
Compiling src/devices/cpu/m6800/6800dasm.cpp...
Compiling 3rdparty/bgfx/src/glcontext_html5.cpp...
Compiling 3rdparty/libjpeg/jcarith.c...
Compiling 3rdparty/asmjit/asmjit/core/funcargscontext.cpp...
Compiling 3rdparty/bimg/3rdparty/astc-encoder/source/astcenc_mathlib_softfloat.cpp...
Compiling 3rdparty/libjpeg/jccoefct.c...
Compiling 3rdparty/libjpeg/jccolor.c...
Compiling 3rdparty/bimg/3rdparty/astc-encoder/source/astcenc_partition_tables.cpp...
Compiling 3rdparty/asmjit/asmjit/core/globals.cpp...
Compiling 3rdparty/libjpeg/jcdctmgr.c...
Objective-C compiling 3rdparty/bgfx/src/glcontext_nsgl.mm...
Compiling src/devices/cpu/m68000/m68kdasm.cpp...
Compiling 3rdparty/libjpeg/jchuff.c...
Compiling 3rdparty/asmjit/asmjit/core/inst.cpp...
Compiling 3rdparty/asmjit/asmjit/core/instdb.cpp...
Compiling 3rdparty/libjpeg/jcinit.c...
Compiling 3rdparty/libjpeg/jcmainct.c...
Compiling 3rdparty/libjpeg/jcmarker.c...
Compiling 3rdparty/asmjit/asmjit/core/jitallocator.cpp...
Compiling 3rdparty/libjpeg/jcmaster.c...
Compiling 3rdparty/libjpeg/jcomapi.c...
Compiling 3rdparty/libjpeg/jcparam.c...
Compiling 3rdparty/bimg/3rdparty/astc-encoder/source/astcenc_percentile_tables.cpp...
Compiling 3rdparty/libjpeg/jcprepct.c...
Compiling 3rdparty/libjpeg/jcsample.c...
Compiling src/frontend/mame/clifront.cpp...
Compiling 3rdparty/asmjit/asmjit/core/jitruntime.cpp...
Compiling 3rdparty/libjpeg/jctrans.c...
Compiling src/lib/formats/ap_dsk35.cpp...
Compiling 3rdparty/libjpeg/jdapimin.c...
Compiling 3rdparty/libjpeg/jdapistd.c...
Compiling 3rdparty/libjpeg/jdarith.c...
Compiling 3rdparty/asmjit/asmjit/core/logger.cpp...
Compiling 3rdparty/libjpeg/jdatadst.c...
Compiling 3rdparty/libjpeg/jdatasrc.c...
Compiling 3rdparty/libjpeg/jdcoefct.c...
Compiling 3rdparty/bimg/3rdparty/astc-encoder/source/astcenc_pick_best_endpoint_format.cpp...
Compiling 3rdparty/bgfx/src/glcontext_wgl.cpp...
Compiling 3rdparty/libjpeg/jdcolor.c...
Compiling 3rdparty/asmjit/asmjit/core/operand.cpp...
Compiling 3rdparty/libjpeg/jddctmgr.c...
Compiling 3rdparty/asmjit/asmjit/core/osutils.cpp...
Compiling 3rdparty/libjpeg/jdhuff.c...
Compiling 3rdparty/asmjit/asmjit/core/ralocal.cpp...
Compiling 3rdparty/bgfx/src/nvapi.cpp...
Compiling 3rdparty/libjpeg/jdinput.c...
Compiling 3rdparty/libjpeg/jdmainct.c...
Compiling 3rdparty/libjpeg/jdmarker.c...
Compiling 3rdparty/bgfx/src/renderer_agc.cpp...
Compiling 3rdparty/libjpeg/jdmaster.c...
Compiling 3rdparty/bimg/3rdparty/astc-encoder/source/astcenc_platform_isa_detection.cpp...
Compiling 3rdparty/libjpeg/jdmerge.c...
Compiling src/lib/formats/apollo_dsk.cpp...
Compiling 3rdparty/libjpeg/jdpostct.c...
Compiling 3rdparty/libjpeg/jdsample.c...
Compiling 3rdparty/asmjit/asmjit/core/rapass.cpp...
Compiling src/emu/debug/debugcon.cpp...
Compiling 3rdparty/libjpeg/jdtrans.c...
Compiling 3rdparty/bgfx/src/renderer_d3d11.cpp...
Compiling 3rdparty/libjpeg/jerror.c...
Compiling 3rdparty/libjpeg/jfdctflt.c...
Compiling 3rdparty/libjpeg/jfdctfst.c...
Compiling 3rdparty/libjpeg/jfdctint.c...
Compiling 3rdparty/bgfx/src/renderer_d3d12.cpp...
Compiling src/devices/cpu/m6805/6805dasm.cpp...
Compiling 3rdparty/bimg/3rdparty/astc-encoder/source/astcenc_quantization.cpp...
Compiling src/lib/formats/as_dsk.cpp...
Compiling 3rdparty/bgfx/src/renderer_d3d9.cpp...
Compiling 3rdparty/libjpeg/jidctflt.c...
Compiling 3rdparty/libjpeg/jidctfst.c...
Compiling 3rdparty/libjpeg/jidctint.c...
Compiling src/devices/cpu/m6809/6x09dasm.cpp...
Compiling 3rdparty/bgfx/src/renderer_gl.cpp...
Compiling 3rdparty/bimg/3rdparty/astc-encoder/source/astcenc_symbolic_physical.cpp...
Compiling 3rdparty/asmjit/asmjit/core/rastack.cpp...
Compiling src/devices/cpu/m68hc16/cpu16dasm.cpp...
Compiling 3rdparty/asmjit/asmjit/core/string.cpp...
Compiling 3rdparty/libjpeg/jmemansi.c...
Compiling 3rdparty/libjpeg/jmemmgr.c...
Compiling 3rdparty/libjpeg/jquant1.c...
Compiling 3rdparty/asmjit/asmjit/core/target.cpp...
Compiling 3rdparty/bimg/3rdparty/astc-encoder/source/astcenc_weight_align.cpp...
Compiling 3rdparty/libjpeg/jquant2.c...
Compiling src/lib/formats/basicdsk.cpp...
Compiling 3rdparty/asmjit/asmjit/core/type.cpp...
Compiling src/devices/cpu/mc68hc11/hc11dasm.cpp...
Compiling 3rdparty/libjpeg/jutils.c...
Archiving libjpeg.a...
Compiling 3rdparty/asmjit/asmjit/core/virtmem.cpp...
Compiling src/frontend/mame/infoxml.cpp...
Compiling 3rdparty/asmjit/asmjit/support/arena.cpp...
Compiling src/devices/cpu/mcs48/mcs48dsm.cpp...
Compiling src/emu/debug/debugcpu.cpp...
Compiling 3rdparty/bimg/3rdparty/astc-encoder/source/astcenc_weight_quant_xfer_tables.cpp...
Compiling 3rdparty/asmjit/asmjit/support/arenabitset.cpp...
Compiling 3rdparty/asmjit/asmjit/support/arenahash.cpp...
Compiling src/lib/formats/c1571_dsk.cpp...
Compiling 3rdparty/bgfx/src/renderer_gnm.cpp...
Compiling 3rdparty/asmjit/asmjit/support/arenalist.cpp...
Compiling src/devices/cpu/mcs51/mcs51dasm.cpp...
Compiling 3rdparty/asmjit/asmjit/support/arenatree.cpp...
Compiling 3rdparty/asmjit/asmjit/support/arenavector.cpp...
Objective-C compiling 3rdparty/bgfx/src/renderer_mtl.mm...
Compiling 3rdparty/linenoise/linenoise.c...
Compiling 3rdparty/bimg/3rdparty/tinyexr/deps/miniz/miniz.c...
Compiling 3rdparty/asmjit/asmjit/support/support.cpp...
Compiling 3rdparty/asmjit/asmjit/ujit/unicompiler_a64.cpp...
Compiling 3rdparty/linenoise/stringbuf.c...
Compiling 3rdparty/linenoise/utf8.c...
Archiving liblinenoise.a...
Compiling src/frontend/mame/iptseqpoll.cpp...
Compiling src/lib/formats/c3040_dsk.cpp...
Compiling src/devices/cpu/mips/mips3dsm.cpp...
Compiling src/lib/formats/c4040_dsk.cpp...
Compiling 3rdparty/lua/src/lapi.c...
Compiling 3rdparty/bimg/src/image.cpp...
Compiling 3rdparty/asmjit/asmjit/ujit/unicompiler_x86.cpp...
Compiling 3rdparty/lua/src/lauxlib.c...
Compiling 3rdparty/lua/src/lbaselib.c...
Compiling 3rdparty/lua/src/lcode.c...
Compiling src/devices/cpu/mips/vudasm.cpp...
In file included from ../../../../../3rdparty/bgfx/src/renderer_mtl.mm:10:
../../../../../3rdparty/bgfx/src/renderer_mtl.h:277:27: warning: 'MTLFeatureSet' is deprecated: first deprecated in macOS 13.0 - Use MTLGPUFamily instead [-Wdeprecated-declarations]
  277 |                 bool supportsFeatureSet(MTLFeatureSet _featureSet)
      |                                         ^
In file included from ../../../../../3rdparty/bgfx/src/renderer_mtl.mm:10:
In file included from ../../../../../3rdparty/bgfx/src/renderer_mtl.h:14:
In file included from /Applications/Xcode.app/Contents/Developer/Platforms/MacOSX.platform/Developer/SDKs/MacOSX.sdk/System/Library/Frameworks/Metal.framework/Headers/Metal.h:10:
In file included from /Applications/Xcode.app/Contents/Developer/Platforms/MacOSX.platform/Developer/SDKs/MacOSX.sdk/System/Library/Frameworks/Metal.framework/Headers/MTLBlitCommandEncoder.h:12:
In file included from /Applications/Xcode.app/Contents/Developer/Platforms/MacOSX.platform/Developer/SDKs/MacOSX.sdk/System/Library/Frameworks/Metal.framework/Headers/MTLResourceStateCommandEncoder.h:13:
In file included from /Applications/Xcode.app/Contents/Developer/Platforms/MacOSX.platform/Developer/SDKs/MacOSX.sdk/System/Library/Frameworks/Metal.framework/Headers/MTLFence.h:10:
/Applications/Xcode.app/Contents/Developer/Platforms/MacOSX.platform/Developer/SDKs/MacOSX.sdk/System/Library/Frameworks/Metal.framework/Headers/MTLDevice.h:181:29: note: 'MTLFeatureSet' has been explicitly marked deprecated here
  181 | typedef NS_ENUM(NSUInteger, MTLFeatureSet)
      |                             ^
In file included from ../../../../../3rdparty/bgfx/src/renderer_mtl.mm:10:
../../../../../3rdparty/bgfx/src/renderer_mtl.h:279:18: warning: 'supportsFeatureSet:' is deprecated: first deprecated in macOS 13.0 - Use supportsFamily instead [-Wdeprecated-declarations]
  279 |                         return [m_obj supportsFeatureSet:_featureSet];
      |                                       ^
In file included from ../../../../../3rdparty/bgfx/src/renderer_mtl.mm:10:
In file included from ../../../../../3rdparty/bgfx/src/renderer_mtl.h:14:
In file included from /Applications/Xcode.app/Contents/Developer/Platforms/MacOSX.platform/Developer/SDKs/MacOSX.sdk/System/Library/Frameworks/Metal.framework/Headers/Metal.h:10:
In file included from /Applications/Xcode.app/Contents/Developer/Platforms/MacOSX.platform/Developer/SDKs/MacOSX.sdk/System/Library/Frameworks/Metal.framework/Headers/MTLBlitCommandEncoder.h:12:
In file included from /Applications/Xcode.app/Contents/Developer/Platforms/MacOSX.platform/Developer/SDKs/MacOSX.sdk/System/Library/Frameworks/Metal.framework/Headers/MTLResourceStateCommandEncoder.h:13:
In file included from /Applications/Xcode.app/Contents/Developer/Platforms/MacOSX.platform/Developer/SDKs/MacOSX.sdk/System/Library/Frameworks/Metal.framework/Headers/MTLFence.h:10:
/Applications/Xcode.app/Contents/Developer/Platforms/MacOSX.platform/Developer/SDKs/MacOSX.sdk/System/Library/Frameworks/Metal.framework/Headers/MTLDevice.h:876:1: note: 'supportsFeatureSet:' has been explicitly marked deprecated here
  876 | - (BOOL)supportsFeatureSet:(MTLFeatureSet)featureSet API_DEPRECATED("Use supportsFamily instead", macos(10.11, 13.0), ios(8.0, 16.0), tvos(9.0, 16.0));
      | ^
../../../../../3rdparty/bgfx/src/renderer_mtl.mm:1947:15: warning: 'MTLArgument' is deprecated: first deprecated in macOS 13.0 [-Wdeprecated-declarations]
 1947 |                         , NSArray <MTLArgument *>* _vertexArgs
      |                                    ^~~~~~~~~~~
      |                                    MTLBinding
In file included from ../../../../../3rdparty/bgfx/src/renderer_mtl.mm:10:
In file included from ../../../../../3rdparty/bgfx/src/renderer_mtl.h:14:
In file included from /Applications/Xcode.app/Contents/Developer/Platforms/MacOSX.platform/Developer/SDKs/MacOSX.sdk/System/Library/Frameworks/Metal.framework/Headers/Metal.h:10:
In file included from /Applications/Xcode.app/Contents/Developer/Platforms/MacOSX.platform/Developer/SDKs/MacOSX.sdk/System/Library/Frameworks/Metal.framework/Headers/MTLBlitCommandEncoder.h:12:
In file included from /Applications/Xcode.app/Contents/Developer/Platforms/MacOSX.platform/Developer/SDKs/MacOSX.sdk/System/Library/Frameworks/Metal.framework/Headers/MTLResourceStateCommandEncoder.h:13:
In file included from /Applications/Xcode.app/Contents/Developer/Platforms/MacOSX.platform/Developer/SDKs/MacOSX.sdk/System/Library/Frameworks/Metal.framework/Headers/MTLFence.h:10:
In file included from /Applications/Xcode.app/Contents/Developer/Platforms/MacOSX.platform/Developer/SDKs/MacOSX.sdk/System/Library/Frameworks/Metal.framework/Headers/MTLDevice.h:16:
In file included from /Applications/Xcode.app/Contents/Developer/Platforms/MacOSX.platform/Developer/SDKs/MacOSX.sdk/System/Library/Frameworks/Metal.framework/Headers/MTLLibrary.h:11:
/Applications/Xcode.app/Contents/Developer/Platforms/MacOSX.platform/Developer/SDKs/MacOSX.sdk/System/Library/Frameworks/Metal.framework/Headers/MTLArgument.h:237:12: note: 'MTLArgument' has been explicitly marked deprecated here
  237 | @interface MTLArgument : NSObject
      |            ^
../../../../../3rdparty/bgfx/src/renderer_mtl.mm:1948:15: warning: 'MTLArgument' is deprecated: first deprecated in macOS 13.0 [-Wdeprecated-declarations]
 1948 |                         , NSArray <MTLArgument *>* _fragmentArgs
      |                                    ^~~~~~~~~~~
      |                                    MTLBinding
In file included from ../../../../../3rdparty/bgfx/src/renderer_mtl.mm:10:
In file included from ../../../../../3rdparty/bgfx/src/renderer_mtl.h:14:
In file included from /Applications/Xcode.app/Contents/Developer/Platforms/MacOSX.platform/Developer/SDKs/MacOSX.sdk/System/Library/Frameworks/Metal.framework/Headers/Metal.h:10:
In file included from /Applications/Xcode.app/Contents/Developer/Platforms/MacOSX.platform/Developer/SDKs/MacOSX.sdk/System/Library/Frameworks/Metal.framework/Headers/MTLBlitCommandEncoder.h:12:
In file included from /Applications/Xcode.app/Contents/Developer/Platforms/MacOSX.platform/Developer/SDKs/MacOSX.sdk/System/Library/Frameworks/Metal.framework/Headers/MTLResourceStateCommandEncoder.h:13:
In file included from /Applications/Xcode.app/Contents/Developer/Platforms/MacOSX.platform/Developer/SDKs/MacOSX.sdk/System/Library/Frameworks/Metal.framework/Headers/MTLFence.h:10:
In file included from /Applications/Xcode.app/Contents/Developer/Platforms/MacOSX.platform/Developer/SDKs/MacOSX.sdk/System/Library/Frameworks/Metal.framework/Headers/MTLDevice.h:16:
In file included from /Applications/Xcode.app/Contents/Developer/Platforms/MacOSX.platform/Developer/SDKs/MacOSX.sdk/System/Library/Frameworks/Metal.framework/Headers/MTLLibrary.h:11:
/Applications/Xcode.app/Contents/Developer/Platforms/MacOSX.platform/Developer/SDKs/MacOSX.sdk/System/Library/Frameworks/Metal.framework/Headers/MTLArgument.h:237:12: note: 'MTLArgument' has been explicitly marked deprecated here
  237 | @interface MTLArgument : NSObject
      |            ^
../../../../../3rdparty/bgfx/src/renderer_mtl.mm:637:67: warning: 'MTLFeatureSet' is deprecated: first deprecated in macOS 13.0 - Use MTLGPUFamily instead [-Wdeprecated-declarations]
  637 |                                         g_caps.limits.maxTextureSize = m_device.supportsFeatureSet( (MTLFeatureSet)4 /* iOS_GPUFamily3_v1 */) ? 16384 : 8192;
      |                                                                                                      ^
In file included from ../../../../../3rdparty/bgfx/src/renderer_mtl.mm:10:
In file included from ../../../../../3rdparty/bgfx/src/renderer_mtl.h:14:
In file included from /Applications/Xcode.app/Contents/Developer/Platforms/MacOSX.platform/Developer/SDKs/MacOSX.sdk/System/Library/Frameworks/Metal.framework/Headers/Metal.h:10:
In file included from /Applications/Xcode.app/Contents/Developer/Platforms/MacOSX.platform/Developer/SDKs/MacOSX.sdk/System/Library/Frameworks/Metal.framework/Headers/MTLBlitCommandEncoder.h:12:
In file included from /Applications/Xcode.app/Contents/Developer/Platforms/MacOSX.platform/Developer/SDKs/MacOSX.sdk/System/Library/Frameworks/Metal.framework/Headers/MTLResourceStateCommandEncoder.h:13:
In file included from /Applications/Xcode.app/Contents/Developer/Platforms/MacOSX.platform/Developer/SDKs/MacOSX.sdk/System/Library/Frameworks/Metal.framework/Headers/MTLFence.h:10:
/Applications/Xcode.app/Contents/Developer/Platforms/MacOSX.platform/Developer/SDKs/MacOSX.sdk/System/Library/Frameworks/Metal.framework/Headers/MTLDevice.h:181:29: note: 'MTLFeatureSet' has been explicitly marked deprecated here
  181 | typedef NS_ENUM(NSUInteger, MTLFeatureSet)
      |                             ^
../../../../../3rdparty/bgfx/src/renderer_mtl.mm:644:91: warning: 'MTLFeatureSet' is deprecated: first deprecated in macOS 13.0 - Use MTLGPUFamily instead [-Wdeprecated-declarations]
  644 |                                 g_caps.limits.maxFBAttachments = uint8_t(bx::uint32_min(m_device.supportsFeatureSet( (MTLFeatureSet)1 /* MTLFeatureSet_iOS_GPUFamily2_v1 */) ? 8 : 4, BGFX_CONFIG_MAX_FRAME_BUFFER_ATTACHMENTS) );
      |                                                                                                                       ^
In file included from ../../../../../3rdparty/bgfx/src/renderer_mtl.mm:10:
In file included from ../../../../../3rdparty/bgfx/src/renderer_mtl.h:14:
In file included from /Applications/Xcode.app/Contents/Developer/Platforms/MacOSX.platform/Developer/SDKs/MacOSX.sdk/System/Library/Frameworks/Metal.framework/Headers/Metal.h:10:
In file included from /Applications/Xcode.app/Contents/Developer/Platforms/MacOSX.platform/Developer/SDKs/MacOSX.sdk/System/Library/Frameworks/Metal.framework/Headers/MTLBlitCommandEncoder.h:12:
In file included from /Applications/Xcode.app/Contents/Developer/Platforms/MacOSX.platform/Developer/SDKs/MacOSX.sdk/System/Library/Frameworks/Metal.framework/Headers/MTLResourceStateCommandEncoder.h:13:
In file included from /Applications/Xcode.app/Contents/Developer/Platforms/MacOSX.platform/Developer/SDKs/MacOSX.sdk/System/Library/Frameworks/Metal.framework/Headers/MTLFence.h:10:
/Applications/Xcode.app/Contents/Developer/Platforms/MacOSX.platform/Developer/SDKs/MacOSX.sdk/System/Library/Frameworks/Metal.framework/Headers/MTLDevice.h:181:29: note: 'MTLFeatureSet' has been explicitly marked deprecated here
  181 | typedef NS_ENUM(NSUInteger, MTLFeatureSet)
      |                             ^
../../../../../3rdparty/bgfx/src/renderer_mtl.mm:646:55: warning: 'MTLFeatureSet' is deprecated: first deprecated in macOS 13.0 - Use MTLGPUFamily instead [-Wdeprecated-declarations]
  646 |                                 g_caps.supported |= m_device.supportsFeatureSet( (MTLFeatureSet)4 /* MTLFeatureSet_iOS_GPUFamily3_v1 */)
      |                                                                                   ^
In file included from ../../../../../3rdparty/bgfx/src/renderer_mtl.mm:10:
In file included from ../../../../../3rdparty/bgfx/src/renderer_mtl.h:14:
In file included from /Applications/Xcode.app/Contents/Developer/Platforms/MacOSX.platform/Developer/SDKs/MacOSX.sdk/System/Library/Frameworks/Metal.framework/Headers/Metal.h:10:
In file included from /Applications/Xcode.app/Contents/Developer/Platforms/MacOSX.platform/Developer/SDKs/MacOSX.sdk/System/Library/Frameworks/Metal.framework/Headers/MTLBlitCommandEncoder.h:12:
In file included from /Applications/Xcode.app/Contents/Developer/Platforms/MacOSX.platform/Developer/SDKs/MacOSX.sdk/System/Library/Frameworks/Metal.framework/Headers/MTLResourceStateCommandEncoder.h:13:
In file included from /Applications/Xcode.app/Contents/Developer/Platforms/MacOSX.platform/Developer/SDKs/MacOSX.sdk/System/Library/Frameworks/Metal.framework/Headers/MTLFence.h:10:
/Applications/Xcode.app/Contents/Developer/Platforms/MacOSX.platform/Developer/SDKs/MacOSX.sdk/System/Library/Frameworks/Metal.framework/Headers/MTLDevice.h:181:29: note: 'MTLFeatureSet' has been explicitly marked deprecated here
  181 | typedef NS_ENUM(NSUInteger, MTLFeatureSet)
      |                             ^
../../../../../3rdparty/bgfx/src/renderer_mtl.mm:651:55: warning: 'MTLFeatureSet' is deprecated: first deprecated in macOS 13.0 - Use MTLGPUFamily instead [-Wdeprecated-declarations]
  651 |                                 g_caps.supported |= m_device.supportsFeatureSet( (MTLFeatureSet)11 /* MTLFeatureSet_iOS_GPUFamily4_v1 */)
      |                                                                                   ^
In file included from ../../../../../3rdparty/bgfx/src/renderer_mtl.mm:10:
In file included from ../../../../../3rdparty/bgfx/src/renderer_mtl.h:14:
In file included from /Applications/Xcode.app/Contents/Developer/Platforms/MacOSX.platform/Developer/SDKs/MacOSX.sdk/System/Library/Frameworks/Metal.framework/Headers/Metal.h:10:
In file included from /Applications/Xcode.app/Contents/Developer/Platforms/MacOSX.platform/Developer/SDKs/MacOSX.sdk/System/Library/Frameworks/Metal.framework/Headers/MTLBlitCommandEncoder.h:12:
In file included from /Applications/Xcode.app/Contents/Developer/Platforms/MacOSX.platform/Developer/SDKs/MacOSX.sdk/System/Library/Frameworks/Metal.framework/Headers/MTLResourceStateCommandEncoder.h:13:
In file included from /Applications/Xcode.app/Contents/Developer/Platforms/MacOSX.platform/Developer/SDKs/MacOSX.sdk/System/Library/Frameworks/Metal.framework/Headers/MTLFence.h:10:
/Applications/Xcode.app/Contents/Developer/Platforms/MacOSX.platform/Developer/SDKs/MacOSX.sdk/System/Library/Frameworks/Metal.framework/Headers/MTLDevice.h:181:29: note: 'MTLFeatureSet' has been explicitly marked deprecated here
  181 | typedef NS_ENUM(NSUInteger, MTLFeatureSet)
      |                             ^
../../../../../3rdparty/bgfx/src/renderer_mtl.mm:662:55: warning: 'MTLFeatureSet' is deprecated: first deprecated in macOS 13.0 - Use MTLGPUFamily instead [-Wdeprecated-declarations]
  662 |                                 g_caps.supported |= m_device.supportsFeatureSet( (MTLFeatureSet)10001 /* MTLFeatureSet_macOS_GPUFamily1_v2 */)
      |                                                                                   ^
In file included from ../../../../../3rdparty/bgfx/src/renderer_mtl.mm:10:
In file included from ../../../../../3rdparty/bgfx/src/renderer_mtl.h:14:
In file included from /Applications/Xcode.app/Contents/Developer/Platforms/MacOSX.platform/Developer/SDKs/MacOSX.sdk/System/Library/Frameworks/Metal.framework/Headers/Metal.h:10:
In file included from /Applications/Xcode.app/Contents/Developer/Platforms/MacOSX.platform/Developer/SDKs/MacOSX.sdk/System/Library/Frameworks/Metal.framework/Headers/MTLBlitCommandEncoder.h:12:
In file included from /Applications/Xcode.app/Contents/Developer/Platforms/MacOSX.platform/Developer/SDKs/MacOSX.sdk/System/Library/Frameworks/Metal.framework/Headers/MTLResourceStateCommandEncoder.h:13:
In file included from /Applications/Xcode.app/Contents/Developer/Platforms/MacOSX.platform/Developer/SDKs/MacOSX.sdk/System/Library/Frameworks/Metal.framework/Headers/MTLFence.h:10:
/Applications/Xcode.app/Contents/Developer/Platforms/MacOSX.platform/Developer/SDKs/MacOSX.sdk/System/Library/Frameworks/Metal.framework/Headers/MTLDevice.h:181:29: note: 'MTLFeatureSet' has been explicitly marked deprecated here
  181 | typedef NS_ENUM(NSUInteger, MTLFeatureSet)
      |                             ^
../../../../../3rdparty/bgfx/src/renderer_mtl.mm:1961:10: warning: 'MTLArgument' is deprecated: first deprecated in macOS 13.0 [-Wdeprecated-declarations]
 1961 |                                 for (MTLArgument* arg in (shaderType == 0 ? _vertexArgs : _fragmentArgs) )
      |                                      ^~~~~~~~~~~
      |                                      MTLBinding
In file included from ../../../../../3rdparty/bgfx/src/renderer_mtl.mm:10:
In file included from ../../../../../3rdparty/bgfx/src/renderer_mtl.h:14:
In file included from /Applications/Xcode.app/Contents/Developer/Platforms/MacOSX.platform/Developer/SDKs/MacOSX.sdk/System/Library/Frameworks/Metal.framework/Headers/Metal.h:10:
In file included from /Applications/Xcode.app/Contents/Developer/Platforms/MacOSX.platform/Developer/SDKs/MacOSX.sdk/System/Library/Frameworks/Metal.framework/Headers/MTLBlitCommandEncoder.h:12:
In file included from /Applications/Xcode.app/Contents/Developer/Platforms/MacOSX.platform/Developer/SDKs/MacOSX.sdk/System/Library/Frameworks/Metal.framework/Headers/MTLResourceStateCommandEncoder.h:13:
In file included from /Applications/Xcode.app/Contents/Developer/Platforms/MacOSX.platform/Developer/SDKs/MacOSX.sdk/System/Library/Frameworks/Metal.framework/Headers/MTLFence.h:10:
In file included from /Applications/Xcode.app/Contents/Developer/Platforms/MacOSX.platform/Developer/SDKs/MacOSX.sdk/System/Library/Frameworks/Metal.framework/Headers/MTLDevice.h:16:
In file included from /Applications/Xcode.app/Contents/Developer/Platforms/MacOSX.platform/Developer/SDKs/MacOSX.sdk/System/Library/Frameworks/Metal.framework/Headers/MTLLibrary.h:11:
/Applications/Xcode.app/Contents/Developer/Platforms/MacOSX.platform/Developer/SDKs/MacOSX.sdk/System/Library/Frameworks/Metal.framework/Headers/MTLArgument.h:237:12: note: 'MTLArgument' has been explicitly marked deprecated here
  237 | @interface MTLArgument : NSObject
      |            ^
../../../../../3rdparty/bgfx/src/renderer_mtl.mm:1967:23: warning: 'MTLArgumentTypeBuffer' is deprecated: first deprecated in macOS 13.0 [-Wdeprecated-declarations]
 1967 |                                                 if (arg.type == MTLArgumentTypeBuffer
      |                                                                 ^~~~~~~~~~~~~~~~~~~~~
      |                                                                 MTLBindingType
In file included from ../../../../../3rdparty/bgfx/src/renderer_mtl.mm:10:
In file included from ../../../../../3rdparty/bgfx/src/renderer_mtl.h:14:
In file included from /Applications/Xcode.app/Contents/Developer/Platforms/MacOSX.platform/Developer/SDKs/MacOSX.sdk/System/Library/Frameworks/Metal.framework/Headers/Metal.h:10:
In file included from /Applications/Xcode.app/Contents/Developer/Platforms/MacOSX.platform/Developer/SDKs/MacOSX.sdk/System/Library/Frameworks/Metal.framework/Headers/MTLBlitCommandEncoder.h:12:
In file included from /Applications/Xcode.app/Contents/Developer/Platforms/MacOSX.platform/Developer/SDKs/MacOSX.sdk/System/Library/Frameworks/Metal.framework/Headers/MTLResourceStateCommandEncoder.h:13:
In file included from /Applications/Xcode.app/Contents/Developer/Platforms/MacOSX.platform/Developer/SDKs/MacOSX.sdk/System/Library/Frameworks/Metal.framework/Headers/MTLFence.h:10:
In file included from /Applications/Xcode.app/Contents/Developer/Platforms/MacOSX.platform/Developer/SDKs/MacOSX.sdk/System/Library/Frameworks/Metal.framework/Headers/MTLDevice.h:16:
In file included from /Applications/Xcode.app/Contents/Developer/Platforms/MacOSX.platform/Developer/SDKs/MacOSX.sdk/System/Library/Frameworks/Metal.framework/Headers/MTLLibrary.h:11:
/Applications/Xcode.app/Contents/Developer/Platforms/MacOSX.platform/Developer/SDKs/MacOSX.sdk/System/Library/Frameworks/Metal.framework/Headers/MTLArgument.h:96:29: note: 'MTLArgumentType' has been explicitly marked deprecated here
   96 | typedef NS_ENUM(NSUInteger, MTLArgumentType) {
      |                             ^
../../../../../3rdparty/bgfx/src/renderer_mtl.mm:2040:28: warning: 'MTLArgumentTypeBuffer' is deprecated: first deprecated in macOS 13.0 [-Wdeprecated-declarations]
 2040 |                                                 else if (arg.type == MTLArgumentTypeBuffer
      |                                                                      ^~~~~~~~~~~~~~~~~~~~~
      |                                                                      MTLBindingType
In file included from ../../../../../3rdparty/bgfx/src/renderer_mtl.mm:10:
In file included from ../../../../../3rdparty/bgfx/src/renderer_mtl.h:14:
In file included from /Applications/Xcode.app/Contents/Developer/Platforms/MacOSX.platform/Developer/SDKs/MacOSX.sdk/System/Library/Frameworks/Metal.framework/Headers/Metal.h:10:
In file included from /Applications/Xcode.app/Contents/Developer/Platforms/MacOSX.platform/Developer/SDKs/MacOSX.sdk/System/Library/Frameworks/Metal.framework/Headers/MTLBlitCommandEncoder.h:12:
In file included from /Applications/Xcode.app/Contents/Developer/Platforms/MacOSX.platform/Developer/SDKs/MacOSX.sdk/System/Library/Frameworks/Metal.framework/Headers/MTLResourceStateCommandEncoder.h:13:
In file included from /Applications/Xcode.app/Contents/Developer/Platforms/MacOSX.platform/Developer/SDKs/MacOSX.sdk/System/Library/Frameworks/Metal.framework/Headers/MTLFence.h:10:
In file included from /Applications/Xcode.app/Contents/Developer/Platforms/MacOSX.platform/Developer/SDKs/MacOSX.sdk/System/Library/Frameworks/Metal.framework/Headers/MTLDevice.h:16:
In file included from /Applications/Xcode.app/Contents/Developer/Platforms/MacOSX.platform/Developer/SDKs/MacOSX.sdk/System/Library/Frameworks/Metal.framework/Headers/MTLLibrary.h:11:
/Applications/Xcode.app/Contents/Developer/Platforms/MacOSX.platform/Developer/SDKs/MacOSX.sdk/System/Library/Frameworks/Metal.framework/Headers/MTLArgument.h:96:29: note: 'MTLArgumentType' has been explicitly marked deprecated here
   96 | typedef NS_ENUM(NSUInteger, MTLArgumentType) {
      |                             ^
../../../../../3rdparty/bgfx/src/renderer_mtl.mm:2066:28: warning: 'MTLArgumentTypeTexture' is deprecated: first deprecated in macOS 13.0 [-Wdeprecated-declarations]
 2066 |                                                 else if (arg.type == MTLArgumentTypeTexture)
      |                                                                      ^~~~~~~~~~~~~~~~~~~~~~
      |                                                                      MTLBindingType
In file included from ../../../../../3rdparty/bgfx/src/renderer_mtl.mm:10:
In file included from ../../../../../3rdparty/bgfx/src/renderer_mtl.h:14:
In file included from /Applications/Xcode.app/Contents/Developer/Platforms/MacOSX.platform/Developer/SDKs/MacOSX.sdk/System/Library/Frameworks/Metal.framework/Headers/Metal.h:10:
In file included from /Applications/Xcode.app/Contents/Developer/Platforms/MacOSX.platform/Developer/SDKs/MacOSX.sdk/System/Library/Frameworks/Metal.framework/Headers/MTLBlitCommandEncoder.h:12:
In file included from /Applications/Xcode.app/Contents/Developer/Platforms/MacOSX.platform/Developer/SDKs/MacOSX.sdk/System/Library/Frameworks/Metal.framework/Headers/MTLResourceStateCommandEncoder.h:13:
In file included from /Applications/Xcode.app/Contents/Developer/Platforms/MacOSX.platform/Developer/SDKs/MacOSX.sdk/System/Library/Frameworks/Metal.framework/Headers/MTLFence.h:10:
In file included from /Applications/Xcode.app/Contents/Developer/Platforms/MacOSX.platform/Developer/SDKs/MacOSX.sdk/System/Library/Frameworks/Metal.framework/Headers/MTLDevice.h:16:
In file included from /Applications/Xcode.app/Contents/Developer/Platforms/MacOSX.platform/Developer/SDKs/MacOSX.sdk/System/Library/Frameworks/Metal.framework/Headers/MTLLibrary.h:11:
/Applications/Xcode.app/Contents/Developer/Platforms/MacOSX.platform/Developer/SDKs/MacOSX.sdk/System/Library/Frameworks/Metal.framework/Headers/MTLArgument.h:96:29: note: 'MTLArgumentType' has been explicitly marked deprecated here
   96 | typedef NS_ENUM(NSUInteger, MTLArgumentType) {
      |                             ^
../../../../../3rdparty/bgfx/src/renderer_mtl.mm:2087:28: warning: 'MTLArgumentTypeSampler' is deprecated: first deprecated in macOS 13.0 [-Wdeprecated-declarations]
 2087 |                                                 else if (arg.type == MTLArgumentTypeSampler)
      |                                                                      ^~~~~~~~~~~~~~~~~~~~~~
      |                                                                      MTLBindingType
In file included from ../../../../../3rdparty/bgfx/src/renderer_mtl.mm:10:
In file included from ../../../../../3rdparty/bgfx/src/renderer_mtl.h:14:
In file included from /Applications/Xcode.app/Contents/Developer/Platforms/MacOSX.platform/Developer/SDKs/MacOSX.sdk/System/Library/Frameworks/Metal.framework/Headers/Metal.h:10:
In file included from /Applications/Xcode.app/Contents/Developer/Platforms/MacOSX.platform/Developer/SDKs/MacOSX.sdk/System/Library/Frameworks/Metal.framework/Headers/MTLBlitCommandEncoder.h:12:
In file included from /Applications/Xcode.app/Contents/Developer/Platforms/MacOSX.platform/Developer/SDKs/MacOSX.sdk/System/Library/Frameworks/Metal.framework/Headers/MTLResourceStateCommandEncoder.h:13:
In file included from /Applications/Xcode.app/Contents/Developer/Platforms/MacOSX.platform/Developer/SDKs/MacOSX.sdk/System/Library/Frameworks/Metal.framework/Headers/MTLFence.h:10:
In file included from /Applications/Xcode.app/Contents/Developer/Platforms/MacOSX.platform/Developer/SDKs/MacOSX.sdk/System/Library/Frameworks/Metal.framework/Headers/MTLDevice.h:16:
In file included from /Applications/Xcode.app/Contents/Developer/Platforms/MacOSX.platform/Developer/SDKs/MacOSX.sdk/System/Library/Frameworks/Metal.framework/Headers/MTLLibrary.h:11:
/Applications/Xcode.app/Contents/Developer/Platforms/MacOSX.platform/Developer/SDKs/MacOSX.sdk/System/Library/Frameworks/Metal.framework/Headers/MTLArgument.h:96:29: note: 'MTLArgumentType' has been explicitly marked deprecated here
   96 | typedef NS_ENUM(NSUInteger, MTLArgumentType) {
      |                             ^
../../../../../3rdparty/bgfx/src/renderer_mtl.mm:2173:9: warning: 'sampleCount' is deprecated: first deprecated in macOS 13.0 [-Wdeprecated-declarations]
 2173 |                                         pd.sampleCount = NULL != swapChain->m_backBufferColorMsaa
      |                                            ^~~~~~~~~~~
      |                                            rasterSampleCount
In file included from ../../../../../3rdparty/bgfx/src/renderer_mtl.mm:10:
In file included from ../../../../../3rdparty/bgfx/src/renderer_mtl.h:14:
In file included from /Applications/Xcode.app/Contents/Developer/Platforms/MacOSX.platform/Developer/SDKs/MacOSX.sdk/System/Library/Frameworks/Metal.framework/Headers/Metal.h:29:
/Applications/Xcode.app/Contents/Developer/Platforms/MacOSX.platform/Developer/SDKs/MacOSX.sdk/System/Library/Frameworks/Metal.framework/Headers/MTLRenderPipeline.h:190:45: note: 'sampleCount' has been explicitly marked deprecated here
  190 | @property (readwrite, nonatomic) NSUInteger sampleCount API_DEPRECATED_WITH_REPLACEMENT("rasterSampleCount", macos(10.11, 13.0), ios(8.0, 16.0));
      |                                             ^
../../../../../3rdparty/bgfx/src/renderer_mtl.mm:2189:10: warning: 'sampleCount' is deprecated: first deprecated in macOS 13.0 [-Wdeprecated-declarations]
 2189 |                                                 pd.sampleCount = NULL != texture.m_ptrMsaa
      |                                                    ^~~~~~~~~~~
      |                                                    rasterSampleCount
In file included from ../../../../../3rdparty/bgfx/src/renderer_mtl.mm:10:
In file included from ../../../../../3rdparty/bgfx/src/renderer_mtl.h:14:
In file included from /Applications/Xcode.app/Contents/Developer/Platforms/MacOSX.platform/Developer/SDKs/MacOSX.sdk/System/Library/Frameworks/Metal.framework/Headers/Metal.h:29:
/Applications/Xcode.app/Contents/Developer/Platforms/MacOSX.platform/Developer/SDKs/MacOSX.sdk/System/Library/Frameworks/Metal.framework/Headers/MTLRenderPipeline.h:190:45: note: 'sampleCount' has been explicitly marked deprecated here
  190 | @property (readwrite, nonatomic) NSUInteger sampleCount API_DEPRECATED_WITH_REPLACEMENT("rasterSampleCount", macos(10.11, 13.0), ios(8.0, 16.0));
      |                                             ^
../../../../../3rdparty/bgfx/src/renderer_mtl.mm:2200:10: warning: 'sampleCount' is deprecated: first deprecated in macOS 13.0 [-Wdeprecated-declarations]
 2200 |                                                 pd.sampleCount = NULL != texture.m_ptrMsaa
      |                                                    ^~~~~~~~~~~
      |                                                    rasterSampleCount
In file included from ../../../../../3rdparty/bgfx/src/renderer_mtl.mm:10:
In file included from ../../../../../3rdparty/bgfx/src/renderer_mtl.h:14:
In file included from /Applications/Xcode.app/Contents/Developer/Platforms/MacOSX.platform/Developer/SDKs/MacOSX.sdk/System/Library/Frameworks/Metal.framework/Headers/Metal.h:29:
/Applications/Xcode.app/Contents/Developer/Platforms/MacOSX.platform/Developer/SDKs/MacOSX.sdk/System/Library/Frameworks/Metal.framework/Headers/MTLRenderPipeline.h:190:45: note: 'sampleCount' has been explicitly marked deprecated here
  190 | @property (readwrite, nonatomic) NSUInteger sampleCount API_DEPRECATED_WITH_REPLACEMENT("rasterSampleCount", macos(10.11, 13.0), ios(8.0, 16.0));
      |                                             ^
../../../../../3rdparty/bgfx/src/renderer_mtl.mm:2356:40: warning: 'vertexArguments' is deprecated: first deprecated in macOS 13.0 [-Wdeprecated-declarations]
 2356 |                                                 processArguments(pso, reflection.vertexArguments, reflection.fragmentArguments);
      |                                                                                  ^~~~~~~~~~~~~~~
      |                                                                                  vertexBindings
In file included from ../../../../../3rdparty/bgfx/src/renderer_mtl.mm:10:
In file included from ../../../../../3rdparty/bgfx/src/renderer_mtl.h:14:
In file included from /Applications/Xcode.app/Contents/Developer/Platforms/MacOSX.platform/Developer/SDKs/MacOSX.sdk/System/Library/Frameworks/Metal.framework/Headers/Metal.h:29:
/Applications/Xcode.app/Contents/Developer/Platforms/MacOSX.platform/Developer/SDKs/MacOSX.sdk/System/Library/Frameworks/Metal.framework/Headers/MTLRenderPipeline.h:174:57: note: 'vertexArguments' has been explicitly marked deprecated here
  174 | @property (nullable, readonly) NSArray <MTLArgument *> *vertexArguments API_DEPRECATED_WITH_REPLACEMENT("vertexBindings", macos(10.11, 13.0), ios(8.0, 16.0));
      |                                                         ^
../../../../../3rdparty/bgfx/src/renderer_mtl.mm:2356:68: warning: 'fragmentArguments' is deprecated: first deprecated in macOS 13.0 [-Wdeprecated-declarations]
 2356 |                                                 processArguments(pso, reflection.vertexArguments, reflection.fragmentArguments);
      |                                                                                                              ^~~~~~~~~~~~~~~~~
      |                                                                                                              fragmentBindings
In file included from ../../../../../3rdparty/bgfx/src/renderer_mtl.mm:10:
In file included from ../../../../../3rdparty/bgfx/src/renderer_mtl.h:14:
In file included from /Applications/Xcode.app/Contents/Developer/Platforms/MacOSX.platform/Developer/SDKs/MacOSX.sdk/System/Library/Frameworks/Metal.framework/Headers/Metal.h:29:
/Applications/Xcode.app/Contents/Developer/Platforms/MacOSX.platform/Developer/SDKs/MacOSX.sdk/System/Library/Frameworks/Metal.framework/Headers/MTLRenderPipeline.h:175:57: note: 'fragmentArguments' has been explicitly marked deprecated here
  175 | @property (nullable, readonly) NSArray <MTLArgument *> *fragmentArguments API_DEPRECATED_WITH_REPLACEMENT("fragmentBindings", macos(10.11, 13.0), ios(8.0, 16.0));
      |                                                         ^
../../../../../3rdparty/bgfx/src/renderer_mtl.mm:2399:38: warning: 'arguments' is deprecated: first deprecated in macOS 13.0 [-Wdeprecated-declarations]
 2399 |                                 processArguments(pso, reflection.arguments, NULL);
      |                                                                  ^~~~~~~~~
      |                                                                  bindings
In file included from ../../../../../3rdparty/bgfx/src/renderer_mtl.mm:10:
In file included from ../../../../../3rdparty/bgfx/src/renderer_mtl.h:14:
In file included from /Applications/Xcode.app/Contents/Developer/Platforms/MacOSX.platform/Developer/SDKs/MacOSX.sdk/System/Library/Frameworks/Metal.framework/Headers/Metal.h:26:
/Applications/Xcode.app/Contents/Developer/Platforms/MacOSX.platform/Developer/SDKs/MacOSX.sdk/System/Library/Frameworks/Metal.framework/Headers/MTLComputePipeline.h:26:47: note: 'arguments' has been explicitly marked deprecated here
   26 | @property (readonly) NSArray <MTLArgument *> *arguments API_DEPRECATED_WITH_REPLACEMENT("bindings", macos(10.11, 13.0), ios(8.0, 16.0));
      |                                               ^
../../../../../3rdparty/bgfx/src/renderer_mtl.mm:2429:38: warning: 'MTLFeatureSet' is deprecated: first deprecated in macOS 13.0 - Use MTLGPUFamily instead [-Wdeprecated-declarations]
 2429 |                                 || [m_device supportsFeatureSet:(MTLFeatureSet)4 /*MTLFeatureSet_iOS_GPUFamily3_v1*/])
      |                                                                  ^
In file included from ../../../../../3rdparty/bgfx/src/renderer_mtl.mm:10:
In file included from ../../../../../3rdparty/bgfx/src/renderer_mtl.h:14:
In file included from /Applications/Xcode.app/Contents/Developer/Platforms/MacOSX.platform/Developer/SDKs/MacOSX.sdk/System/Library/Frameworks/Metal.framework/Headers/Metal.h:10:
In file included from /Applications/Xcode.app/Contents/Developer/Platforms/MacOSX.platform/Developer/SDKs/MacOSX.sdk/System/Library/Frameworks/Metal.framework/Headers/MTLBlitCommandEncoder.h:12:
In file included from /Applications/Xcode.app/Contents/Developer/Platforms/MacOSX.platform/Developer/SDKs/MacOSX.sdk/System/Library/Frameworks/Metal.framework/Headers/MTLResourceStateCommandEncoder.h:13:
In file included from /Applications/Xcode.app/Contents/Developer/Platforms/MacOSX.platform/Developer/SDKs/MacOSX.sdk/System/Library/Frameworks/Metal.framework/Headers/MTLFence.h:10:
/Applications/Xcode.app/Contents/Developer/Platforms/MacOSX.platform/Developer/SDKs/MacOSX.sdk/System/Library/Frameworks/Metal.framework/Headers/MTLDevice.h:181:29: note: 'MTLFeatureSet' has been explicitly marked deprecated here
  181 | typedef NS_ENUM(NSUInteger, MTLFeatureSet)
      |                             ^
../../../../../3rdparty/bgfx/src/renderer_mtl.mm:2429:18: warning: 'supportsFeatureSet:' is deprecated: first deprecated in macOS 13.0 - Use supportsFamily instead [-Wdeprecated-declarations]
 2429 |                                 || [m_device supportsFeatureSet:(MTLFeatureSet)4 /*MTLFeatureSet_iOS_GPUFamily3_v1*/])
      |                                              ^
In file included from ../../../../../3rdparty/bgfx/src/renderer_mtl.mm:10:
In file included from ../../../../../3rdparty/bgfx/src/renderer_mtl.h:14:
In file included from /Applications/Xcode.app/Contents/Developer/Platforms/MacOSX.platform/Developer/SDKs/MacOSX.sdk/System/Library/Frameworks/Metal.framework/Headers/Metal.h:10:
In file included from /Applications/Xcode.app/Contents/Developer/Platforms/MacOSX.platform/Developer/SDKs/MacOSX.sdk/System/Library/Frameworks/Metal.framework/Headers/MTLBlitCommandEncoder.h:12:
In file included from /Applications/Xcode.app/Contents/Developer/Platforms/MacOSX.platform/Developer/SDKs/MacOSX.sdk/System/Library/Frameworks/Metal.framework/Headers/MTLResourceStateCommandEncoder.h:13:
In file included from /Applications/Xcode.app/Contents/Developer/Platforms/MacOSX.platform/Developer/SDKs/MacOSX.sdk/System/Library/Frameworks/Metal.framework/Headers/MTLFence.h:10:
/Applications/Xcode.app/Contents/Developer/Platforms/MacOSX.platform/Developer/SDKs/MacOSX.sdk/System/Library/Frameworks/Metal.framework/Headers/MTLDevice.h:876:1: note: 'supportsFeatureSet:' has been explicitly marked deprecated here
  876 | - (BOOL)supportsFeatureSet:(MTLFeatureSet)featureSet API_DEPRECATED("Use supportsFamily instead", macos(10.11, 13.0), ios(8.0, 16.0), tvos(9.0, 16.0));
      | ^
Compiling src/lib/formats/c8280_dsk.cpp...
Compiling 3rdparty/asmjit/asmjit/ujit/vecconsttable.cpp...
Compiling 3rdparty/asmjit/asmjit/x86/x86assembler.cpp...
Compiling 3rdparty/lua/src/lcorolib.c...
Compiling 3rdparty/lua/src/lctype.c...
Compiling 3rdparty/lua/src/ldblib.c...
Compiling src/emu/debug/debughlp.cpp...
Compiling 3rdparty/lua/src/ldebug.c...
Compiling 3rdparty/lua/src/ldo.c...
Compiling src/devices/cpu/nec/necdasm.cpp...
Compiling src/frontend/mame/language.cpp...
Compiling 3rdparty/lua/src/ldump.c...
Compiling 3rdparty/lua/src/lfunc.c...
Compiling 3rdparty/lua/src/lgc.c...
Compiling src/lib/formats/cassimg.cpp...
Compiling src/emu/debug/debugvw.cpp...
Compiling src/frontend/mame/luaengine.cpp...
Compiling 3rdparty/lua/src/linit.c...
Compiling 3rdparty/lua/src/liolib.c...
Compiling 3rdparty/lua/src/llex.c...
Compiling src/devices/cpu/ns32000/ns32000d.cpp...
Compiling 3rdparty/lua/src/lmathlib.c...
22 warnings generated.
Compiling 3rdparty/bgfx/src/renderer_noop.cpp...
Compiling src/emu/debug/dvbpoints.cpp...
Compiling 3rdparty/lua/src/lmem.c...
Compiling 3rdparty/lua/src/loadlib.c...
Compiling 3rdparty/lua/src/lobject.c...
Compiling 3rdparty/bimg/src/image_gnf.cpp...
Compiling 3rdparty/lua/src/lopcodes.c...
Compiling 3rdparty/lua/src/loslib.c...
Compiling 3rdparty/lua/src/lparser.c...
Compiling 3rdparty/asmjit/asmjit/x86/x86builder.cpp...
Compiling 3rdparty/bgfx/src/renderer_nvn.cpp...
Archiving libbimg.a...
Compiling src/lib/formats/cqm_dsk.cpp...
Compiling 3rdparty/lua/src/lstate.c...
Compiling 3rdparty/lsqlite3/lsqlite3.c...
../../../../../3rdparty/lsqlite3/lsqlite3.c:274:9: warning: 'sprintf' is deprecated: This function is provided for compatibility reasons only.  Due to security concerns inherent in the design of sprintf(3), it is highly recommended that you use snprintf(3) instead. [-Wdeprecated-declarations]
  274 |         sprintf(buff, "%p", svm);
      |         ^
In file included from ../../../../../3rdparty/lsqlite3/lsqlite3.c:35:
In file included from ../../../../../3rdparty/lua/src/lauxlib.h:13:
In file included from /Applications/Xcode.app/Contents/Developer/Platforms/MacOSX.platform/Developer/SDKs/MacOSX.sdk/usr/include/c++/v1/stdio.h:103:
In file included from /Applications/Xcode.app/Contents/Developer/Platforms/MacOSX.platform/Developer/SDKs/MacOSX.sdk/usr/include/stdio.h:61:
/Applications/Xcode.app/Contents/Developer/Platforms/MacOSX.platform/Developer/SDKs/MacOSX.sdk/usr/include/_stdio.h:278:1: note: 'sprintf' has been explicitly marked deprecated here
  278 | __deprecated_msg("This function is provided for compatibility reasons only.  Due to security concerns inherent in the design of sprintf(3), it is highly recommended that you use snprintf(3) instead.")
      | ^
In file included from ../../../../../3rdparty/lsqlite3/lsqlite3.c:29:
In file included from /Applications/Xcode.app/Contents/Developer/Platforms/MacOSX.platform/Developer/SDKs/MacOSX.sdk/usr/include/c++/v1/stdlib.h:89:
In file included from /Applications/Xcode.app/Contents/Developer/Platforms/MacOSX.platform/Developer/SDKs/MacOSX.sdk/usr/include/stdlib.h:58:
In file included from /Applications/Xcode.app/Contents/Developer/Platforms/MacOSX.platform/Developer/SDKs/MacOSX.sdk/usr/include/_stdlib.h:65:
/Applications/Xcode.app/Contents/Developer/Platforms/MacOSX.platform/Developer/SDKs/MacOSX.sdk/usr/include/sys/cdefs.h:227:48: note: expanded from macro '__deprecated_msg'
  227 |         #define __deprecated_msg(_msg) __attribute__((__deprecated__(_msg)))
      |                                                       ^
../../../../../3rdparty/lsqlite3/lsqlite3.c:774:9: warning: 'sprintf' is deprecated: This function is provided for compatibility reasons only.  Due to security concerns inherent in the design of sprintf(3), it is highly recommended that you use snprintf(3) instead. [-Wdeprecated-declarations]
  774 |         sprintf(buff, "%p", ctx->ctx);
      |         ^
In file included from ../../../../../3rdparty/lsqlite3/lsqlite3.c:35:
In file included from ../../../../../3rdparty/lua/src/lauxlib.h:13:
In file included from /Applications/Xcode.app/Contents/Developer/Platforms/MacOSX.platform/Developer/SDKs/MacOSX.sdk/usr/include/c++/v1/stdio.h:103:
In file included from /Applications/Xcode.app/Contents/Developer/Platforms/MacOSX.platform/Developer/SDKs/MacOSX.sdk/usr/include/stdio.h:61:
/Applications/Xcode.app/Contents/Developer/Platforms/MacOSX.platform/Developer/SDKs/MacOSX.sdk/usr/include/_stdio.h:278:1: note: 'sprintf' has been explicitly marked deprecated here
  278 | __deprecated_msg("This function is provided for compatibility reasons only.  Due to security concerns inherent in the design of sprintf(3), it is highly recommended that you use snprintf(3) instead.")
      | ^
In file included from ../../../../../3rdparty/lsqlite3/lsqlite3.c:29:
In file included from /Applications/Xcode.app/Contents/Developer/Platforms/MacOSX.platform/Developer/SDKs/MacOSX.sdk/usr/include/c++/v1/stdlib.h:89:
In file included from /Applications/Xcode.app/Contents/Developer/Platforms/MacOSX.platform/Developer/SDKs/MacOSX.sdk/usr/include/stdlib.h:58:
In file included from /Applications/Xcode.app/Contents/Developer/Platforms/MacOSX.platform/Developer/SDKs/MacOSX.sdk/usr/include/_stdlib.h:65:
/Applications/Xcode.app/Contents/Developer/Platforms/MacOSX.platform/Developer/SDKs/MacOSX.sdk/usr/include/sys/cdefs.h:227:48: note: expanded from macro '__deprecated_msg'
  227 |         #define __deprecated_msg(_msg) __attribute__((__deprecated__(_msg)))
      |                                                       ^
../../../../../3rdparty/lsqlite3/lsqlite3.c:2020:9: warning: 'sprintf' is deprecated: This function is provided for compatibility reasons only.  Due to security concerns inherent in the design of sprintf(3), it is highly recommended that you use snprintf(3) instead. [-Wdeprecated-declarations]
 2020 |         sprintf(buff, "%p", lua_touserdata(L, 1));
      |         ^
In file included from ../../../../../3rdparty/lsqlite3/lsqlite3.c:35:
In file included from ../../../../../3rdparty/lua/src/lauxlib.h:13:
In file included from /Applications/Xcode.app/Contents/Developer/Platforms/MacOSX.platform/Developer/SDKs/MacOSX.sdk/usr/include/c++/v1/stdio.h:103:
In file included from /Applications/Xcode.app/Contents/Developer/Platforms/MacOSX.platform/Developer/SDKs/MacOSX.sdk/usr/include/stdio.h:61:
/Applications/Xcode.app/Contents/Developer/Platforms/MacOSX.platform/Developer/SDKs/MacOSX.sdk/usr/include/_stdio.h:278:1: note: 'sprintf' has been explicitly marked deprecated here
  278 | __deprecated_msg("This function is provided for compatibility reasons only.  Due to security concerns inherent in the design of sprintf(3), it is highly recommended that you use snprintf(3) instead.")
      | ^
In file included from ../../../../../3rdparty/lsqlite3/lsqlite3.c:29:
In file included from /Applications/Xcode.app/Contents/Developer/Platforms/MacOSX.platform/Developer/SDKs/MacOSX.sdk/usr/include/c++/v1/stdlib.h:89:
In file included from /Applications/Xcode.app/Contents/Developer/Platforms/MacOSX.platform/Developer/SDKs/MacOSX.sdk/usr/include/stdlib.h:58:
In file included from /Applications/Xcode.app/Contents/Developer/Platforms/MacOSX.platform/Developer/SDKs/MacOSX.sdk/usr/include/_stdlib.h:65:
/Applications/Xcode.app/Contents/Developer/Platforms/MacOSX.platform/Developer/SDKs/MacOSX.sdk/usr/include/sys/cdefs.h:227:48: note: expanded from macro '__deprecated_msg'
  227 |         #define __deprecated_msg(_msg) __attribute__((__deprecated__(_msg)))
      |                                                       ^
Compiling 3rdparty/lua/src/lstring.c...
Compiling 3rdparty/bgfx/src/renderer_vk.cpp...
Compiling 3rdparty/lua/src/lstrlib.c...
Compiling src/devices/cpu/pic16c5x/16c5xdsm.cpp...
Compiling 3rdparty/asmjit/asmjit/x86/x86compiler.cpp...
3 warnings generated.
Compiling 3rdparty/lua-linenoise/linenoise.c...
Compiling 3rdparty/lua-zlib/lua_zlib.c...
Compiling 3rdparty/luafilesystem/src/lfs.c...
Compiling src/emu/debug/dvdisasm.cpp...
Archiving liblualibs.a...
Compiling src/frontend/mame/luaengine_debug.cpp...
Compiling 3rdparty/lua/src/ltable.c...
Compiling src/devices/cpu/powerpc/ppc_dasm.cpp...
Compiling 3rdparty/asmjit/asmjit/x86/x86emithelper.cpp...
Compiling 3rdparty/lua/src/ltablib.c...
Compiling 3rdparty/lua/src/ltm.c...
Compiling 3rdparty/lua/src/lundump.c...
Compiling src/lib/formats/d2m_dsk.cpp...
Compiling 3rdparty/lua/src/lutf8lib.c...
Compiling 3rdparty/lua/src/lvm.c...
Compiling 3rdparty/asmjit/asmjit/x86/x86formatter.cpp...
Compiling src/emu/debug/dvepoints.cpp...
Compiling src/devices/cpu/sh/sh_dasm.cpp...
Compiling 3rdparty/lua/src/lzio.c...
Archiving liblua.a...
Compiling src/frontend/mame/luaengine_input.cpp...
Compiling 3rdparty/asmjit/asmjit/x86/x86func.cpp...
Compiling src/lib/formats/d64_dsk.cpp...
Compiling src/devices/cpu/tms320c1x/tms320c1x_dasm.cpp...
Compiling 3rdparty/asmjit/asmjit/x86/x86instapi.cpp...
Compiling src/emu/debug/dvmemory.cpp...
Compiling src/devices/cpu/tms34010/34010dsm.cpp...
Compiling 3rdparty/asmjit/asmjit/x86/x86instdb.cpp...
Compiling src/lib/formats/d71_dsk.cpp...
Compiling src/devices/cpu/upd7810/upd7810_dasm.cpp...
Compiling src/emu/debug/dvrpoints.cpp...
Compiling 3rdparty/asmjit/asmjit/x86/x86operand.cpp...
Compiling 3rdparty/bgfx/src/renderer_webgpu.cpp...
Compiling src/devices/cpu/z8/z8dasm.cpp...
Compiling 3rdparty/asmjit/asmjit/x86/x86rapass.cpp...
Compiling src/lib/formats/d80_dsk.cpp...
Compiling 3rdparty/bgfx/src/shader.cpp...
Compiling src/emu/debug/dvstate.cpp...
Compiling 3rdparty/bgfx/src/shader_dx9bc.cpp...
Compiling src/lib/formats/d81_dsk.cpp...
Compiling src/devices/cpu/z80/r800dasm.cpp...
Archiving libasmjit.a...
Compiling src/frontend/mame/luaengine_mem.cpp...
Compiling 3rdparty/bgfx/src/shader_dxbc.cpp...
Compiling src/devices/cpu/z80/z80dasm.cpp...
Compiling src/emu/debug/dvtext.cpp...
Compiling src/lib/formats/d82_dsk.cpp...
Archiving libdasm.a...
Compiling src/frontend/mame/luaengine_render.cpp...
Compiling src/emu/debug/dvwpoints.cpp...
Compiling 3rdparty/bgfx/src/shader_spirv.cpp...
Compiling src/lib/formats/d88_dsk.cpp...
Compiling 3rdparty/bgfx/src/topology.cpp...
Compiling src/emu/debug/express.cpp...
Compiling 3rdparty/bgfx/src/vertexlayout.cpp...
Compiling src/lib/formats/dfi_dsk.cpp...
Archiving libbgfx.a...
Compiling src/frontend/mame/mame.cpp...
Compiling src/emu/debug/points.cpp...
Compiling src/lib/formats/dsk_dsk.cpp...
Compiling src/emu/debug/textbuf.cpp...
Compiling src/emu/debugger.cpp...
Compiling src/lib/formats/fdi_dsk.cpp...
Compiling src/emu/devcb.cpp...
Compiling src/frontend/mame/mameopts.cpp...
Compiling src/lib/formats/flacfile.cpp...
Compiling src/mame/apple/adbmodem.cpp...
Compiling src/lib/formats/flopimg.cpp...
Compiling src/mame/apple/awacs_macrisc.cpp...
Compiling src/lib/formats/flopimg_legacy.cpp...
Compiling src/lib/formats/fs_cbmdos.cpp...
Compiling src/mame/apple/burgundy.cpp...
Compiling src/mame/apple/capella.cpp...
Compiling src/lib/formats/fs_hp98x5.cpp...
Compiling src/emu/devcpu.cpp...
Compiling src/mame/apple/cuda.cpp...
Compiling src/osd/asio.cpp...
Compiling src/lib/formats/fs_prodos.cpp...
Compiling src/osd/modules/file/posixdir.cpp...
Compiling src/mame/apple/dafb.cpp...
Compiling src/osd/modules/file/posixfile.cpp...
Compiling src/lib/formats/fs_unformatted.cpp...
Compiling src/osd/modules/file/posixptty.cpp...
Compiling src/mame/apple/dbdma.cpp...
Compiling src/lib/formats/fsblk.cpp...
Compiling src/osd/modules/file/posixsocket.cpp...
Compiling src/emu/devdelegate.cpp...
Compiling src/emu/devfind.cpp...
Compiling src/osd/modules/lib/osdlib_macosx.cpp...
Compiling src/lib/formats/fsblk_vec.cpp...
Compiling src/emu/device.cpp...
../../../../../src/osd/modules/lib/osdlib_macosx.cpp:139:38: warning: 'kUTTypeUTF16PlainText' is deprecated: first deprecated in macOS 12.0 - Use UTTypeUTF16PlainText or UTType.utf16PlainText (swift) instead. [-Wdeprecated-declarations]
  139 |                         if (UTTypeConformsTo(flavor_type, kUTTypeUTF16PlainText))
      |                                                           ^
In file included from ../../../../../src/osd/modules/lib/osdlib_macosx.cpp:29:
In file included from /Applications/Xcode.app/Contents/Developer/Platforms/MacOSX.platform/Developer/SDKs/MacOSX.sdk/System/Library/Frameworks/Carbon.framework/Headers/Carbon.h:20:
In file included from /Applications/Xcode.app/Contents/Developer/Platforms/MacOSX.platform/Developer/SDKs/MacOSX.sdk/System/Library/Frameworks/CoreServices.framework/Headers/CoreServices.h:39:
In file included from /Applications/Xcode.app/Contents/Developer/Platforms/MacOSX.platform/Developer/SDKs/MacOSX.sdk/System/Library/Frameworks/CoreServices.framework/Frameworks/LaunchServices.framework/Headers/LaunchServices.h:47:
/Applications/Xcode.app/Contents/Developer/Platforms/MacOSX.platform/Developer/SDKs/MacOSX.sdk/System/Library/Frameworks/CoreServices.framework/Frameworks/LaunchServices.framework/Headers/UTCoreTypes.h:305:26: note: 'kUTTypeUTF16PlainText' has been explicitly marked deprecated here
  305 | extern const CFStringRef kUTTypeUTF16PlainText                       API_DEPRECATED("Use UTTypeUTF16PlainText or UTType.utf16PlainText (swift) instead.", ios(3.0, 15.0), macos(10.4, 12.0), tvos(9.0, 15.0), watchos(1.0, 8.0));
      |                          ^
../../../../../src/osd/modules/lib/osdlib_macosx.cpp:139:8: warning: 'UTTypeConformsTo' is deprecated: first deprecated in macOS 12.0 - Use -[UTType conformsToType:] instead. [-Wdeprecated-declarations]
  139 |                         if (UTTypeConformsTo(flavor_type, kUTTypeUTF16PlainText))
      |                             ^
In file included from ../../../../../src/osd/modules/lib/osdlib_macosx.cpp:29:
In file included from /Applications/Xcode.app/Contents/Developer/Platforms/MacOSX.platform/Developer/SDKs/MacOSX.sdk/System/Library/Frameworks/Carbon.framework/Headers/Carbon.h:20:
In file included from /Applications/Xcode.app/Contents/Developer/Platforms/MacOSX.platform/Developer/SDKs/MacOSX.sdk/System/Library/Frameworks/CoreServices.framework/Headers/CoreServices.h:39:
In file included from /Applications/Xcode.app/Contents/Developer/Platforms/MacOSX.platform/Developer/SDKs/MacOSX.sdk/System/Library/Frameworks/CoreServices.framework/Frameworks/LaunchServices.framework/Headers/LaunchServices.h:51:
/Applications/Xcode.app/Contents/Developer/Platforms/MacOSX.platform/Developer/SDKs/MacOSX.sdk/System/Library/Frameworks/CoreServices.framework/Frameworks/LaunchServices.framework/Headers/UTType.h:472:1: note: 'UTTypeConformsTo' has been explicitly marked deprecated here
  472 | UTTypeConformsTo(
      | ^
../../../../../src/osd/modules/lib/osdlib_macosx.cpp:141:43: warning: 'kUTTypeUTF8PlainText' is deprecated: first deprecated in macOS 12.0 - Use UTTypeUTF8PlainText or UTType.utf8PlainText (swift) instead. [-Wdeprecated-declarations]
  141 |                         else if (UTTypeConformsTo(flavor_type, kUTTypeUTF8PlainText))
      |                                                                ^
In file included from ../../../../../src/osd/modules/lib/osdlib_macosx.cpp:29:
In file included from /Applications/Xcode.app/Contents/Developer/Platforms/MacOSX.platform/Developer/SDKs/MacOSX.sdk/System/Library/Frameworks/Carbon.framework/Headers/Carbon.h:20:
In file included from /Applications/Xcode.app/Contents/Developer/Platforms/MacOSX.platform/Developer/SDKs/MacOSX.sdk/System/Library/Frameworks/CoreServices.framework/Headers/CoreServices.h:39:
In file included from /Applications/Xcode.app/Contents/Developer/Platforms/MacOSX.platform/Developer/SDKs/MacOSX.sdk/System/Library/Frameworks/CoreServices.framework/Frameworks/LaunchServices.framework/Headers/LaunchServices.h:47:
/Applications/Xcode.app/Contents/Developer/Platforms/MacOSX.platform/Developer/SDKs/MacOSX.sdk/System/Library/Frameworks/CoreServices.framework/Frameworks/LaunchServices.framework/Headers/UTCoreTypes.h:303:26: note: 'kUTTypeUTF8PlainText' has been explicitly marked deprecated here
  303 | extern const CFStringRef kUTTypeUTF8PlainText                        API_DEPRECATED("Use UTTypeUTF8PlainText or UTType.utf8PlainText (swift) instead.", ios(3.0, 15.0), macos(10.4, 12.0), tvos(9.0, 15.0), watchos(1.0, 8.0));
      |                          ^
../../../../../src/osd/modules/lib/osdlib_macosx.cpp:141:13: warning: 'UTTypeConformsTo' is deprecated: first deprecated in macOS 12.0 - Use -[UTType conformsToType:] instead. [-Wdeprecated-declarations]
  141 |                         else if (UTTypeConformsTo(flavor_type, kUTTypeUTF8PlainText))
      |                                  ^
In file included from ../../../../../src/osd/modules/lib/osdlib_macosx.cpp:29:
In file included from /Applications/Xcode.app/Contents/Developer/Platforms/MacOSX.platform/Developer/SDKs/MacOSX.sdk/System/Library/Frameworks/Carbon.framework/Headers/Carbon.h:20:
In file included from /Applications/Xcode.app/Contents/Developer/Platforms/MacOSX.platform/Developer/SDKs/MacOSX.sdk/System/Library/Frameworks/CoreServices.framework/Headers/CoreServices.h:39:
In file included from /Applications/Xcode.app/Contents/Developer/Platforms/MacOSX.platform/Developer/SDKs/MacOSX.sdk/System/Library/Frameworks/CoreServices.framework/Frameworks/LaunchServices.framework/Headers/LaunchServices.h:51:
/Applications/Xcode.app/Contents/Developer/Platforms/MacOSX.platform/Developer/SDKs/MacOSX.sdk/System/Library/Frameworks/CoreServices.framework/Frameworks/LaunchServices.framework/Headers/UTType.h:472:1: note: 'UTTypeConformsTo' has been explicitly marked deprecated here
  472 | UTTypeConformsTo(
      | ^
../../../../../src/osd/modules/lib/osdlib_macosx.cpp:143:43: warning: 'kUTTypePlainText' is deprecated: first deprecated in macOS 12.0 - Use UTTypePlainText or UTType.plainText (swift) instead. [-Wdeprecated-declarations]
  143 |                         else if (UTTypeConformsTo(flavor_type, kUTTypePlainText))
      |                                                                ^
In file included from ../../../../../src/osd/modules/lib/osdlib_macosx.cpp:29:
In file included from /Applications/Xcode.app/Contents/Developer/Platforms/MacOSX.platform/Developer/SDKs/MacOSX.sdk/System/Library/Frameworks/Carbon.framework/Headers/Carbon.h:20:
In file included from /Applications/Xcode.app/Contents/Developer/Platforms/MacOSX.platform/Developer/SDKs/MacOSX.sdk/System/Library/Frameworks/CoreServices.framework/Headers/CoreServices.h:39:
In file included from /Applications/Xcode.app/Contents/Developer/Platforms/MacOSX.platform/Developer/SDKs/MacOSX.sdk/System/Library/Frameworks/CoreServices.framework/Frameworks/LaunchServices.framework/Headers/LaunchServices.h:47:
/Applications/Xcode.app/Contents/Developer/Platforms/MacOSX.platform/Developer/SDKs/MacOSX.sdk/System/Library/Frameworks/CoreServices.framework/Frameworks/LaunchServices.framework/Headers/UTCoreTypes.h:302:26: note: 'kUTTypePlainText' has been explicitly marked deprecated here
  302 | extern const CFStringRef kUTTypePlainText                            API_DEPRECATED("Use UTTypePlainText or UTType.plainText (swift) instead.", ios(3.0, 15.0), macos(10.4, 12.0), tvos(9.0, 15.0), watchos(1.0, 8.0));
      |                          ^
../../../../../src/osd/modules/lib/osdlib_macosx.cpp:143:13: warning: 'UTTypeConformsTo' is deprecated: first deprecated in macOS 12.0 - Use -[UTType conformsToType:] instead. [-Wdeprecated-declarations]
  143 |                         else if (UTTypeConformsTo(flavor_type, kUTTypePlainText))
      |                                  ^
In file included from ../../../../../src/osd/modules/lib/osdlib_macosx.cpp:29:
In file included from /Applications/Xcode.app/Contents/Developer/Platforms/MacOSX.platform/Developer/SDKs/MacOSX.sdk/System/Library/Frameworks/Carbon.framework/Headers/Carbon.h:20:
In file included from /Applications/Xcode.app/Contents/Developer/Platforms/MacOSX.platform/Developer/SDKs/MacOSX.sdk/System/Library/Frameworks/CoreServices.framework/Headers/CoreServices.h:39:
In file included from /Applications/Xcode.app/Contents/Developer/Platforms/MacOSX.platform/Developer/SDKs/MacOSX.sdk/System/Library/Frameworks/CoreServices.framework/Frameworks/LaunchServices.framework/Headers/LaunchServices.h:51:
/Applications/Xcode.app/Contents/Developer/Platforms/MacOSX.platform/Developer/SDKs/MacOSX.sdk/System/Library/Frameworks/CoreServices.framework/Frameworks/LaunchServices.framework/Headers/UTType.h:472:1: note: 'UTTypeConformsTo' has been explicitly marked deprecated here
  472 | UTTypeConformsTo(
      | ^
../../../../../src/osd/modules/lib/osdlib_macosx.cpp:224:69: warning: 'kUTTypeUTF8PlainText' is deprecated: first deprecated in macOS 12.0 - Use UTTypeUTF8PlainText or UTType.utf8PlainText (swift) instead. [-Wdeprecated-declarations]
  224 |         err = PasteboardPutItemFlavor(pasteboard_ref, PasteboardItemID(1), kUTTypeUTF8PlainText, data, kPasteboardFlavorNoFlags);
      |                                                                            ^
In file included from ../../../../../src/osd/modules/lib/osdlib_macosx.cpp:29:
In file included from /Applications/Xcode.app/Contents/Developer/Platforms/MacOSX.platform/Developer/SDKs/MacOSX.sdk/System/Library/Frameworks/Carbon.framework/Headers/Carbon.h:20:
In file included from /Applications/Xcode.app/Contents/Developer/Platforms/MacOSX.platform/Developer/SDKs/MacOSX.sdk/System/Library/Frameworks/CoreServices.framework/Headers/CoreServices.h:39:
In file included from /Applications/Xcode.app/Contents/Developer/Platforms/MacOSX.platform/Developer/SDKs/MacOSX.sdk/System/Library/Frameworks/CoreServices.framework/Frameworks/LaunchServices.framework/Headers/LaunchServices.h:47:
/Applications/Xcode.app/Contents/Developer/Platforms/MacOSX.platform/Developer/SDKs/MacOSX.sdk/System/Library/Frameworks/CoreServices.framework/Frameworks/LaunchServices.framework/Headers/UTCoreTypes.h:303:26: note: 'kUTTypeUTF8PlainText' has been explicitly marked deprecated here
  303 | extern const CFStringRef kUTTypeUTF8PlainText                        API_DEPRECATED("Use UTTypeUTF8PlainText or UTType.utf8PlainText (swift) instead.", ios(3.0, 15.0), macos(10.4, 12.0), tvos(9.0, 15.0), watchos(1.0, 8.0));
      |                          ^
Compiling src/mame/apple/dfac.cpp...
7 warnings generated.
Compiling src/osd/modules/osdmodule.cpp...
Compiling src/devices/bus/adb/a9m0115.cpp...
Compiling src/lib/formats/fsmeta.cpp...
Compiling src/emu/didisasm.cpp...
Compiling src/emu/diexec.cpp...
Compiling src/devices/bus/adb/a9m0330.cpp...
Compiling src/osd/osdcore.cpp...
Compiling src/lib/formats/fsmgr.cpp...
Compiling src/emu/digfx.cpp...
Compiling src/devices/bus/adb/a9m0331.cpp...
Compiling src/mame/apple/dfac2.cpp...
Compiling src/emu/diimage.cpp...
Compiling src/osd/osdsync.cpp...
Compiling src/devices/bus/adb/adb.cpp...
Compiling src/lib/formats/g64_dsk.cpp...
Compiling src/devices/bus/adb/adbhle.cpp...
Compiling src/osd/strconv.cpp...
Compiling src/devices/bus/adb/adbhlekeyboard.cpp...
Compiling src/lib/formats/hpi_dsk.cpp...
Compiling src/mame/apple/djmemc.cpp...
Compiling src/devices/bus/adb/adbhlemouse.cpp...
Archiving libocore_sdl3.a...
Compiling src/frontend/mame/media_ident.cpp...
Compiling src/devices/bus/adb/adbhlepippin.cpp...
Compiling src/devices/bus/adb/adbmonitor.cpp...
Compiling src/lib/formats/hxchfe_dsk.cpp...
Compiling src/emu/dimemory.cpp...
Compiling src/devices/bus/adb/cards.cpp...
Compiling src/mame/apple/egret.cpp...
Compiling src/devices/bus/adb/kb305.cpp...
Compiling src/lib/formats/hxcmfm_dsk.cpp...
Compiling src/emu/dinetwork.cpp...
Compiling src/frontend/mame/pluginopts.cpp...
Compiling src/emu/dinvram.cpp...
Compiling src/lib/formats/ibmxdf_dsk.cpp...
Compiling src/devices/bus/adb/tk3000.cpp...
Compiling src/emu/dipalette.cpp...
Compiling src/osd/interface/audio.cpp...
Compiling src/emu/dipty.cpp...
Compiling src/devices/bus/ata/atadev.cpp...
Compiling src/frontend/mame/ui/about.cpp...
Compiling src/lib/formats/imageutl.cpp...
Compiling src/emu/dirtc.cpp...
Compiling src/emu/diserial.cpp...
Compiling src/devices/bus/ata/ataintf.cpp...
Compiling src/osd/interface/inputseq.cpp...
Compiling src/mame/apple/f108.cpp...
Compiling 3rdparty/portaudio/src/common/pa_allocation.c...
Compiling 3rdparty/portaudio/src/common/pa_converters.c...
Compiling src/emu/dislot.cpp...
Compiling 3rdparty/portaudio/src/common/pa_cpuload.c...
Compiling 3rdparty/portaudio/src/common/pa_debugprint.c...
Compiling 3rdparty/portaudio/src/common/pa_dither.c...
Compiling 3rdparty/portaudio/src/common/pa_front.c...
Compiling src/lib/formats/imd_dsk.cpp...
Compiling 3rdparty/portaudio/src/common/pa_process.c...
Compiling src/osd/interface/nethandler.cpp...
Compiling src/devices/bus/ata/atapicdr.cpp...
Compiling 3rdparty/portaudio/src/common/pa_ringbuffer.c...
../../../../../3rdparty/portaudio/src/common/pa_ringbuffer.c:131:9: warning: 'OSMemoryBarrier' is deprecated: first deprecated in macOS 10.12 - Use atomic_thread_fence() from <stdatomic.h> instead [-Wdeprecated-declarations]
  131 |         PaUtil_FullMemoryBarrier(); /* (write-after-read) => full barrier */
      |         ^
In file included from ../../../../../3rdparty/portaudio/src/common/pa_ringbuffer.c:60:
../../../../../3rdparty/portaudio/src/common/pa_memorybarrier.h:72:44: note: expanded from macro 'PaUtil_FullMemoryBarrier'
   72 | #       define PaUtil_FullMemoryBarrier()  OSMemoryBarrier()
      |                                            ^
In file included from ../../../../../3rdparty/portaudio/src/common/pa_ringbuffer.c:60:
In file included from ../../../../../3rdparty/portaudio/src/common/pa_memorybarrier.h:67:
In file included from /Applications/Xcode.app/Contents/Developer/Platforms/MacOSX.platform/Developer/SDKs/MacOSX.sdk/usr/include/libkern/OSAtomic.h:47:
/Applications/Xcode.app/Contents/Developer/Platforms/MacOSX.platform/Developer/SDKs/MacOSX.sdk/usr/include/libkern/OSAtomicDeprecated.h:751:9: note: 'OSMemoryBarrier' has been explicitly marked deprecated here
  751 | void    OSMemoryBarrier( void );
      |         ^
../../../../../3rdparty/portaudio/src/common/pa_ringbuffer.c:144:5: warning: 'OSMemoryBarrier' is deprecated: first deprecated in macOS 10.12 - Use atomic_thread_fence() from <stdatomic.h> instead [-Wdeprecated-declarations]
  144 |     PaUtil_WriteMemoryBarrier();
      |     ^
In file included from ../../../../../3rdparty/portaudio/src/common/pa_ringbuffer.c:60:
../../../../../3rdparty/portaudio/src/common/pa_memorybarrier.h:74:44: note: expanded from macro 'PaUtil_WriteMemoryBarrier'
   74 | #       define PaUtil_WriteMemoryBarrier() OSMemoryBarrier()
      |                                            ^
In file included from ../../../../../3rdparty/portaudio/src/common/pa_ringbuffer.c:60:
In file included from ../../../../../3rdparty/portaudio/src/common/pa_memorybarrier.h:67:
In file included from /Applications/Xcode.app/Contents/Developer/Platforms/MacOSX.platform/Developer/SDKs/MacOSX.sdk/usr/include/libkern/OSAtomic.h:47:
/Applications/Xcode.app/Contents/Developer/Platforms/MacOSX.platform/Developer/SDKs/MacOSX.sdk/usr/include/libkern/OSAtomicDeprecated.h:751:9: note: 'OSMemoryBarrier' has been explicitly marked deprecated here
  751 | void    OSMemoryBarrier( void );
      |         ^
../../../../../3rdparty/portaudio/src/common/pa_ringbuffer.c:181:9: warning: 'OSMemoryBarrier' is deprecated: first deprecated in macOS 10.12 - Use atomic_thread_fence() from <stdatomic.h> instead [-Wdeprecated-declarations]
  181 |         PaUtil_ReadMemoryBarrier(); /* (read-after-read) => read barrier */
      |         ^
In file included from ../../../../../3rdparty/portaudio/src/common/pa_ringbuffer.c:60:
../../../../../3rdparty/portaudio/src/common/pa_memorybarrier.h:73:44: note: expanded from macro 'PaUtil_ReadMemoryBarrier'
   73 | #       define PaUtil_ReadMemoryBarrier()  OSMemoryBarrier()
      |                                            ^
In file included from ../../../../../3rdparty/portaudio/src/common/pa_ringbuffer.c:60:
In file included from ../../../../../3rdparty/portaudio/src/common/pa_memorybarrier.h:67:
In file included from /Applications/Xcode.app/Contents/Developer/Platforms/MacOSX.platform/Developer/SDKs/MacOSX.sdk/usr/include/libkern/OSAtomic.h:47:
/Applications/Xcode.app/Contents/Developer/Platforms/MacOSX.platform/Developer/SDKs/MacOSX.sdk/usr/include/libkern/OSAtomicDeprecated.h:751:9: note: 'OSMemoryBarrier' has been explicitly marked deprecated here
  751 | void    OSMemoryBarrier( void );
      |         ^
../../../../../3rdparty/portaudio/src/common/pa_ringbuffer.c:192:5: warning: 'OSMemoryBarrier' is deprecated: first deprecated in macOS 10.12 - Use atomic_thread_fence() from <stdatomic.h> instead [-Wdeprecated-declarations]
  192 |     PaUtil_FullMemoryBarrier();
      |     ^
In file included from ../../../../../3rdparty/portaudio/src/common/pa_ringbuffer.c:60:
../../../../../3rdparty/portaudio/src/common/pa_memorybarrier.h:72:44: note: expanded from macro 'PaUtil_FullMemoryBarrier'
   72 | #       define PaUtil_FullMemoryBarrier()  OSMemoryBarrier()
      |                                            ^
In file included from ../../../../../3rdparty/portaudio/src/common/pa_ringbuffer.c:60:
In file included from ../../../../../3rdparty/portaudio/src/common/pa_memorybarrier.h:67:
In file included from /Applications/Xcode.app/Contents/Developer/Platforms/MacOSX.platform/Developer/SDKs/MacOSX.sdk/usr/include/libkern/OSAtomic.h:47:
/Applications/Xcode.app/Contents/Developer/Platforms/MacOSX.platform/Developer/SDKs/MacOSX.sdk/usr/include/libkern/OSAtomicDeprecated.h:751:9: note: 'OSMemoryBarrier' has been explicitly marked deprecated here
  751 | void    OSMemoryBarrier( void );
      |         ^
4 warnings generated.
Compiling 3rdparty/portaudio/src/common/pa_stream.c...
Compiling 3rdparty/portaudio/src/common/pa_trace.c...
Compiling 3rdparty/portaudio/src/hostapi/coreaudio/pa_mac_core.c...
Compiling src/emu/disound.cpp...
../../../../../3rdparty/portaudio/src/hostapi/coreaudio/pa_mac_core.c:732:111: warning: 'kAudioObjectPropertyElementMaster' is deprecated: first deprecated in macOS 12.0 [-Wdeprecated-declarations]
  732 |     AudioObjectPropertyAddress theAddress = { kAudioHardwarePropertyRunLoop, kAudioObjectPropertyScopeGlobal, kAudioObjectPropertyElementMaster };
      |                                                                                                               ^~~~~~~~~~~~~~~~~~~~~~~~~~~~~~~~~
      |                                                                                                               kAudioObjectPropertyElementMain
In file included from ../../../../../3rdparty/portaudio/src/hostapi/coreaudio/pa_mac_core.c:65:
In file included from ../../../../../3rdparty/portaudio/src/hostapi/coreaudio/pa_mac_core_internal.h:64:
In file included from /Applications/Xcode.app/Contents/Developer/Platforms/MacOSX.platform/Developer/SDKs/MacOSX.sdk/System/Library/Frameworks/CoreAudio.framework/Headers/CoreAudio.h:18:
In file included from /Applications/Xcode.app/Contents/Developer/Platforms/MacOSX.platform/Developer/SDKs/MacOSX.sdk/System/Library/Frameworks/CoreAudio.framework/Headers/AudioHardware.h:85:
/Applications/Xcode.app/Contents/Developer/Platforms/MacOSX.platform/Developer/SDKs/MacOSX.sdk/System/Library/Frameworks/CoreAudio.framework/Headers/AudioHardwareBase.h:208:5: note: 'kAudioObjectPropertyElementMaster' has been explicitly marked deprecated here
  208 |     kAudioObjectPropertyElementMaster API_DEPRECATED_WITH_REPLACEMENT("kAudioObjectPropertyElementMain", macos(10.0, 12.0), ios(2.0, 15.0), watchos(1.0, 8.0), tvos(9.0, 15.0)) = kAudioObjectPropertyElementMain
      |     ^
Compiling src/osd/modules/debugger/debuggdbstub.cpp...
1 warning generated.
Compiling 3rdparty/portaudio/src/hostapi/coreaudio/pa_mac_core_blocking.c...
Compiling src/devices/bus/ata/atapihle.cpp...
../../../../../3rdparty/portaudio/src/hostapi/coreaudio/pa_mac_core_blocking.c:355:5: warning: 'OSAtomicOr32' is deprecated: first deprecated in macOS 10.12 - Use atomic_fetch_or_explicit(memory_order_relaxed) from <stdatomic.h> instead [-Wdeprecated-declarations]
  355 |     OSAtomicOr32( statusFlags, &blio->statusFlags ) ;
      |     ^
In file included from ../../../../../3rdparty/portaudio/src/hostapi/coreaudio/pa_mac_core_blocking.c:70:
In file included from /Applications/Xcode.app/Contents/Developer/Platforms/MacOSX.platform/Developer/SDKs/MacOSX.sdk/usr/include/libkern/OSAtomic.h:47:
/Applications/Xcode.app/Contents/Developer/Platforms/MacOSX.platform/Developer/SDKs/MacOSX.sdk/usr/include/libkern/OSAtomicDeprecated.h:331:9: note: 'OSAtomicOr32' has been explicitly marked deprecated here
  331 | int32_t OSAtomicOr32( uint32_t __theMask, volatile uint32_t *__theValue );
      |         ^
../../../../../3rdparty/portaudio/src/hostapi/coreaudio/pa_mac_core_blocking.c:364:13: warning: 'OSAtomicOr32' is deprecated: first deprecated in macOS 10.12 - Use atomic_fetch_or_explicit(memory_order_relaxed) from <stdatomic.h> instead [-Wdeprecated-declarations]
  364 |             OSAtomicOr32( paInputOverflow, &blio->statusFlags );
      |             ^
In file included from ../../../../../3rdparty/portaudio/src/hostapi/coreaudio/pa_mac_core_blocking.c:70:
In file included from /Applications/Xcode.app/Contents/Developer/Platforms/MacOSX.platform/Developer/SDKs/MacOSX.sdk/usr/include/libkern/OSAtomic.h:47:
/Applications/Xcode.app/Contents/Developer/Platforms/MacOSX.platform/Developer/SDKs/MacOSX.sdk/usr/include/libkern/OSAtomicDeprecated.h:331:9: note: 'OSAtomicOr32' has been explicitly marked deprecated here
  331 | int32_t OSAtomicOr32( uint32_t __theMask, volatile uint32_t *__theValue );
      |         ^
../../../../../3rdparty/portaudio/src/hostapi/coreaudio/pa_mac_core_blocking.c:399:13: warning: 'OSAtomicOr32' is deprecated: first deprecated in macOS 10.12 - Use atomic_fetch_or_explicit(memory_order_relaxed) from <stdatomic.h> instead [-Wdeprecated-declarations]
  399 |             OSAtomicOr32( paOutputUnderflow, &blio->statusFlags );
      |             ^
In file included from ../../../../../3rdparty/portaudio/src/hostapi/coreaudio/pa_mac_core_blocking.c:70:
In file included from /Applications/Xcode.app/Contents/Developer/Platforms/MacOSX.platform/Developer/SDKs/MacOSX.sdk/usr/include/libkern/OSAtomic.h:47:
/Applications/Xcode.app/Contents/Developer/Platforms/MacOSX.platform/Developer/SDKs/MacOSX.sdk/usr/include/libkern/OSAtomicDeprecated.h:331:9: note: 'OSAtomicOr32' has been explicitly marked deprecated here
  331 | int32_t OSAtomicOr32( uint32_t __theMask, volatile uint32_t *__theValue );
      |         ^
../../../../../3rdparty/portaudio/src/hostapi/coreaudio/pa_mac_core_blocking.c:494:9: warning: 'OSAtomicAnd32' is deprecated: first deprecated in macOS 10.12 - Use atomic_fetch_and_explicit(memory_order_relaxed) from <stdatomic.h> instead [-Wdeprecated-declarations]
  494 |         OSAtomicAnd32( (uint32_t)(~paInputOverflow), &blio->statusFlags );
      |         ^
In file included from ../../../../../3rdparty/portaudio/src/hostapi/coreaudio/pa_mac_core_blocking.c:70:
In file included from /Applications/Xcode.app/Contents/Developer/Platforms/MacOSX.platform/Developer/SDKs/MacOSX.sdk/usr/include/libkern/OSAtomic.h:47:
/Applications/Xcode.app/Contents/Developer/Platforms/MacOSX.platform/Developer/SDKs/MacOSX.sdk/usr/include/libkern/OSAtomicDeprecated.h:387:9: note: 'OSAtomicAnd32' has been explicitly marked deprecated here
  387 | int32_t OSAtomicAnd32( uint32_t __theMask, volatile uint32_t *__theValue );
      |         ^
../../../../../3rdparty/portaudio/src/hostapi/coreaudio/pa_mac_core_blocking.c:584:13: warning: 'OSAtomicAnd32' is deprecated: first deprecated in macOS 10.12 - Use atomic_fetch_and_explicit(memory_order_relaxed) from <stdatomic.h> instead [-Wdeprecated-declarations]
  584 |             OSAtomicAnd32( (uint32_t)(~paOutputUnderflow), &blio->statusFlags );
      |             ^
In file included from ../../../../../3rdparty/portaudio/src/hostapi/coreaudio/pa_mac_core_blocking.c:70:
In file included from /Applications/Xcode.app/Contents/Developer/Platforms/MacOSX.platform/Developer/SDKs/MacOSX.sdk/usr/include/libkern/OSAtomic.h:47:
/Applications/Xcode.app/Contents/Developer/Platforms/MacOSX.platform/Developer/SDKs/MacOSX.sdk/usr/include/libkern/OSAtomicDeprecated.h:387:9: note: 'OSAtomicAnd32' has been explicitly marked deprecated here
  387 | int32_t OSAtomicAnd32( uint32_t __theMask, volatile uint32_t *__theValue );
      |         ^
5 warnings generated.
Compiling 3rdparty/portaudio/src/hostapi/coreaudio/pa_mac_core_utilities.c...
Compiling src/devices/bus/ata/cp2024.cpp...
../../../../../3rdparty/portaudio/src/hostapi/coreaudio/pa_mac_core_utilities.c:71:91: warning: 'kAudioObjectPropertyElementMaster' is deprecated: first deprecated in macOS 12.0 [-Wdeprecated-declarations]
   71 |     AudioObjectPropertyAddress address = { inPropertyID, kAudioObjectPropertyScopeGlobal, kAudioObjectPropertyElementMaster };
      |                                                                                           ^~~~~~~~~~~~~~~~~~~~~~~~~~~~~~~~~
      |                                                                                           kAudioObjectPropertyElementMain
In file included from ../../../../../3rdparty/portaudio/src/hostapi/coreaudio/pa_mac_core_utilities.c:59:
In file included from ../../../../../3rdparty/portaudio/src/hostapi/coreaudio/pa_mac_core_utilities.h:66:
In file included from /Applications/Xcode.app/Contents/Developer/Platforms/MacOSX.platform/Developer/SDKs/MacOSX.sdk/System/Library/Frameworks/AudioToolbox.framework/Headers/AudioToolbox.h:30:
In file included from /Applications/Xcode.app/Contents/Developer/Platforms/MacOSX.platform/Developer/SDKs/MacOSX.sdk/System/Library/Frameworks/AudioToolbox.framework/Headers/AudioServices.h:21:
In file included from /Applications/Xcode.app/Contents/Developer/Platforms/MacOSX.platform/Developer/SDKs/MacOSX.sdk/System/Library/Frameworks/CoreAudio.framework/Headers/AudioHardware.h:85:
/Applications/Xcode.app/Contents/Developer/Platforms/MacOSX.platform/Developer/SDKs/MacOSX.sdk/System/Library/Frameworks/CoreAudio.framework/Headers/AudioHardwareBase.h:208:5: note: 'kAudioObjectPropertyElementMaster' has been explicitly marked deprecated here
  208 |     kAudioObjectPropertyElementMaster API_DEPRECATED_WITH_REPLACEMENT("kAudioObjectPropertyElementMain", macos(10.0, 12.0), ios(2.0, 15.0), watchos(1.0, 8.0), tvos(9.0, 15.0)) = kAudioObjectPropertyElementMain
      |     ^
../../../../../3rdparty/portaudio/src/hostapi/coreaudio/pa_mac_core_utilities.c:79:91: warning: 'kAudioObjectPropertyElementMaster' is deprecated: first deprecated in macOS 12.0 [-Wdeprecated-declarations]
   79 |     AudioObjectPropertyAddress address = { inPropertyID, kAudioObjectPropertyScopeGlobal, kAudioObjectPropertyElementMaster };
      |                                                                                           ^~~~~~~~~~~~~~~~~~~~~~~~~~~~~~~~~
      |                                                                                           kAudioObjectPropertyElementMain
In file included from ../../../../../3rdparty/portaudio/src/hostapi/coreaudio/pa_mac_core_utilities.c:59:
In file included from ../../../../../3rdparty/portaudio/src/hostapi/coreaudio/pa_mac_core_utilities.h:66:
In file included from /Applications/Xcode.app/Contents/Developer/Platforms/MacOSX.platform/Developer/SDKs/MacOSX.sdk/System/Library/Frameworks/AudioToolbox.framework/Headers/AudioToolbox.h:30:
In file included from /Applications/Xcode.app/Contents/Developer/Platforms/MacOSX.platform/Developer/SDKs/MacOSX.sdk/System/Library/Frameworks/AudioToolbox.framework/Headers/AudioServices.h:21:
In file included from /Applications/Xcode.app/Contents/Developer/Platforms/MacOSX.platform/Developer/SDKs/MacOSX.sdk/System/Library/Frameworks/CoreAudio.framework/Headers/AudioHardware.h:85:
/Applications/Xcode.app/Contents/Developer/Platforms/MacOSX.platform/Developer/SDKs/MacOSX.sdk/System/Library/Frameworks/CoreAudio.framework/Headers/AudioHardwareBase.h:208:5: note: 'kAudioObjectPropertyElementMaster' has been explicitly marked deprecated here
  208 |     kAudioObjectPropertyElementMaster API_DEPRECATED_WITH_REPLACEMENT("kAudioObjectPropertyElementMain", macos(10.0, 12.0), ios(2.0, 15.0), watchos(1.0, 8.0), tvos(9.0, 15.0)) = kAudioObjectPropertyElementMain
      |     ^
../../../../../3rdparty/portaudio/src/hostapi/coreaudio/pa_mac_core_utilities.c:155:91: warning: 'kAudioObjectPropertyElementMaster' is deprecated: first deprecated in macOS 12.0 [-Wdeprecated-declarations]
  155 |     AudioObjectPropertyAddress address = { inPropertyID, kAudioObjectPropertyScopeGlobal, kAudioObjectPropertyElementMaster };
      |                                                                                           ^~~~~~~~~~~~~~~~~~~~~~~~~~~~~~~~~
      |                                                                                           kAudioObjectPropertyElementMain
In file included from ../../../../../3rdparty/portaudio/src/hostapi/coreaudio/pa_mac_core_utilities.c:59:
In file included from ../../../../../3rdparty/portaudio/src/hostapi/coreaudio/pa_mac_core_utilities.h:66:
In file included from /Applications/Xcode.app/Contents/Developer/Platforms/MacOSX.platform/Developer/SDKs/MacOSX.sdk/System/Library/Frameworks/AudioToolbox.framework/Headers/AudioToolbox.h:30:
In file included from /Applications/Xcode.app/Contents/Developer/Platforms/MacOSX.platform/Developer/SDKs/MacOSX.sdk/System/Library/Frameworks/AudioToolbox.framework/Headers/AudioServices.h:21:
In file included from /Applications/Xcode.app/Contents/Developer/Platforms/MacOSX.platform/Developer/SDKs/MacOSX.sdk/System/Library/Frameworks/CoreAudio.framework/Headers/AudioHardware.h:85:
/Applications/Xcode.app/Contents/Developer/Platforms/MacOSX.platform/Developer/SDKs/MacOSX.sdk/System/Library/Frameworks/CoreAudio.framework/Headers/AudioHardwareBase.h:208:5: note: 'kAudioObjectPropertyElementMaster' has been explicitly marked deprecated here
  208 |     kAudioObjectPropertyElementMaster API_DEPRECATED_WITH_REPLACEMENT("kAudioObjectPropertyElementMain", macos(10.0, 12.0), ios(2.0, 15.0), watchos(1.0, 8.0), tvos(9.0, 15.0)) = kAudioObjectPropertyElementMain
      |     ^
../../../../../3rdparty/portaudio/src/hostapi/coreaudio/pa_mac_core_utilities.c:747:21: warning: 'OSAtomicOr32' is deprecated: first deprecated in macOS 10.12 - Use atomic_fetch_or_explicit(memory_order_relaxed) from <stdatomic.h> instead [-Wdeprecated-declarations]
  747 |                     OSAtomicOr32( paInputOverflow, &stream->xrunFlags );
      |                     ^
In file included from ../../../../../3rdparty/portaudio/src/hostapi/coreaudio/pa_mac_core_utilities.c:61:
In file included from /Applications/Xcode.app/Contents/Developer/Platforms/MacOSX.platform/Developer/SDKs/MacOSX.sdk/usr/include/libkern/OSAtomic.h:47:
/Applications/Xcode.app/Contents/Developer/Platforms/MacOSX.platform/Developer/SDKs/MacOSX.sdk/usr/include/libkern/OSAtomicDeprecated.h:331:9: note: 'OSAtomicOr32' has been explicitly marked deprecated here
  331 | int32_t OSAtomicOr32( uint32_t __theMask, volatile uint32_t *__theValue );
      |         ^
../../../../../3rdparty/portaudio/src/hostapi/coreaudio/pa_mac_core_utilities.c:750:21: warning: 'OSAtomicOr32' is deprecated: first deprecated in macOS 10.12 - Use atomic_fetch_or_explicit(memory_order_relaxed) from <stdatomic.h> instead [-Wdeprecated-declarations]
  750 |                     OSAtomicOr32( paOutputUnderflow, &stream->xrunFlags );
      |                     ^
In file included from ../../../../../3rdparty/portaudio/src/hostapi/coreaudio/pa_mac_core_utilities.c:61:
In file included from /Applications/Xcode.app/Contents/Developer/Platforms/MacOSX.platform/Developer/SDKs/MacOSX.sdk/usr/include/libkern/OSAtomic.h:47:
/Applications/Xcode.app/Contents/Developer/Platforms/MacOSX.platform/Developer/SDKs/MacOSX.sdk/usr/include/libkern/OSAtomicDeprecated.h:331:9: note: 'OSAtomicOr32' has been explicitly marked deprecated here
  331 | int32_t OSAtomicOr32( uint32_t __theMask, volatile uint32_t *__theValue );
      |         ^
5 warnings generated.
Compiling 3rdparty/portaudio/src/hostapi/skeleton/pa_hostapi_skeleton.c...
Compiling 3rdparty/portaudio/src/os/unix/pa_unix_hostapis.c...
Compiling 3rdparty/portaudio/src/os/unix/pa_unix_util.c...
Archiving libportaudio.a...
Compiling src/frontend/mame/ui/analogipt.cpp...
Compiling src/devices/bus/ata/cr589.cpp...
Compiling src/lib/formats/ipf_dsk.cpp...
Compiling src/emu/distate.cpp...
Compiling src/devices/bus/ata/gdrom.cpp...
Compiling src/mame/apple/gsc.cpp...
Compiling 3rdparty/portmidi/pm_common/pmutil.c...
Compiling 3rdparty/portmidi/pm_common/portmidi.c...
Compiling src/emu/divideo.cpp...
Compiling 3rdparty/portmidi/pm_mac/pmmac.c...
Compiling 3rdparty/portmidi/pm_mac/pmmacosxcm.c...
Compiling src/lib/formats/mfi_dsk.cpp...
Compiling 3rdparty/portmidi/porttime/ptmacosx_mach.c...
Archiving libportmidi.a...
Compiling src/emu/divo.cpp...
Compiling src/frontend/mame/ui/audio_effect_compressor.cpp...
Compiling src/devices/bus/ata/hdd.cpp...
Compiling src/emu/divtlb.cpp...
Compiling src/devices/bus/ata/px320a.cpp...
Compiling src/emu/drawgfx.cpp...
Compiling src/osd/modules/debugger/debugimgui.cpp...
Compiling src/lib/formats/naslite_dsk.cpp...
Compiling src/devices/bus/ata/xm3301.cpp...
Compiling src/osd/modules/debugger/debugqt.cpp...
Compiling src/devices/bus/ata/zip100.cpp...
Compiling src/lib/formats/pc_dsk.cpp...
Compiling src/mame/apple/heathrow.cpp...
Compiling src/devices/bus/c64/16kb.cpp...
Compiling src/lib/formats/rpk.cpp...
Archiving libqtdbg_sdl3.a...
Compiling src/emu/drivenum.cpp...
Compiling src/devices/bus/c64/4dxh.cpp...
Compiling src/devices/bus/c64/4ksa.cpp...
Objective-C compiling src/osd/modules/debugger/debugosx.mm...
Compiling src/devices/bus/c64/4tba.cpp...
Compiling src/lib/formats/td0_dsk.cpp...
Compiling src/devices/bus/c64/action_replay.cpp...
Compiling src/devices/bus/c64/bn1541.cpp...
Compiling src/osd/modules/debugger/debugwin.cpp...
Compiling src/devices/bus/c64/buscard.cpp...
Compiling src/lib/formats/upd765_dsk.cpp...
Compiling src/devices/bus/c64/buscard2.cpp...
Compiling src/lib/formats/wavfile.cpp...
Compiling src/mame/apple/imacg3.cpp...
Compiling src/frontend/mame/ui/audio_effect_eq.cpp...
Compiling src/devices/bus/c64/c128_comal80.cpp...
Compiling src/osd/modules/debugger/none.cpp...
Compiling src/lib/formats/wd177x_dsk.cpp...
Compiling src/devices/bus/c64/c128_partner.cpp...
Compiling src/emu/driver.cpp...
Compiling src/devices/bus/c64/comal80.cpp...
Compiling src/frontend/mame/ui/audio_effect_filter.cpp...
Compiling src/devices/bus/c64/cpm.cpp...
Archiving libformats.a...
Compiling 3rdparty/softfloat3/bochs_ext/extF80_scale.c...
Compiling 3rdparty/softfloat3/bochs_ext/f2xm1.c...
Compiling 3rdparty/softfloat3/bochs_ext/fpatan.c...
Compiling 3rdparty/softfloat3/bochs_ext/fprem.c...
Compiling 3rdparty/softfloat3/bochs_ext/fsincos.c...
Compiling src/devices/bus/c64/currah_speech.cpp...
Compiling src/mame/apple/iosb.cpp...
Compiling 3rdparty/softfloat3/bochs_ext/fyl2x.c...
Compiling 3rdparty/softfloat3/bochs_ext/isNaN.c...
Compiling 3rdparty/softfloat3/bochs_ext/poly.c...
Compiling 3rdparty/softfloat3/source/8086/extF80M_isSignalingNaN.c...
Compiling 3rdparty/softfloat3/source/8086/f128M_isSignalingNaN.c...
Compiling src/emu/emucore.cpp...
Compiling 3rdparty/softfloat3/source/8086/s_commonNaNToExtF80UI.c...
Compiling 3rdparty/softfloat3/source/8086/s_commonNaNToF128UI.c...
Compiling 3rdparty/softfloat3/source/8086/s_commonNaNToF16UI.c...
Compiling 3rdparty/softfloat3/source/8086/s_commonNaNToF32UI.c...
Compiling 3rdparty/softfloat3/source/8086/s_commonNaNToF64UI.c...
Compiling 3rdparty/softfloat3/source/8086/s_extF80UIToCommonNaN.c...
Compiling 3rdparty/softfloat3/source/8086/s_f128UIToCommonNaN.c...
Objective-C compiling src/osd/modules/debugger/osx/breakpointsview.mm...
Compiling 3rdparty/softfloat3/source/8086/s_f32UIToCommonNaN.c...
Compiling 3rdparty/softfloat3/source/8086/s_f64UIToCommonNaN.c...
Compiling 3rdparty/softfloat3/source/8086/s_propagateNaNExtF80UI.c...
Compiling 3rdparty/softfloat3/source/8086/s_propagateNaNF128UI.c...
Compiling src/devices/bus/c64/dela_ep256.cpp...
Compiling 3rdparty/softfloat3/source/8086/s_propagateNaNF16UI.c...
Compiling 3rdparty/softfloat3/source/8086/s_propagateNaNF32UI.c...
Compiling src/emu/emumem.cpp...
Compiling 3rdparty/softfloat3/source/8086/s_propagateNaNF64UI.c...
Compiling 3rdparty/softfloat3/source/8086/softfloat_raiseFlags.c...
Compiling 3rdparty/softfloat3/source/extF80M_add.c...
Compiling 3rdparty/softfloat3/source/extF80M_div.c...
Compiling 3rdparty/softfloat3/source/extF80M_eq.c...
Compiling 3rdparty/softfloat3/source/extF80M_eq_signaling.c...
Compiling 3rdparty/softfloat3/source/extF80M_le.c...
Compiling 3rdparty/softfloat3/source/extF80M_le_quiet.c...
Compiling 3rdparty/softfloat3/source/extF80M_lt.c...
Compiling 3rdparty/softfloat3/source/extF80M_lt_quiet.c...
Compiling 3rdparty/softfloat3/source/extF80M_mul.c...
Compiling 3rdparty/softfloat3/source/extF80M_rem.c...
Compiling 3rdparty/softfloat3/source/extF80M_roundToInt.c...
Compiling 3rdparty/softfloat3/source/extF80M_sqrt.c...
Compiling 3rdparty/softfloat3/source/extF80M_sub.c...
Compiling 3rdparty/softfloat3/source/extF80M_to_f128M.c...
Compiling 3rdparty/softfloat3/source/extF80M_to_f16.c...
Compiling src/devices/bus/c64/dela_ep64.cpp...
Compiling 3rdparty/softfloat3/source/extF80M_to_f32.c...
Compiling 3rdparty/softfloat3/source/extF80M_to_f64.c...
Compiling 3rdparty/softfloat3/source/extF80M_to_i32.c...
Compiling src/frontend/mame/ui/audio_effect_reverb.cpp...
Compiling 3rdparty/softfloat3/source/extF80M_to_i32_r_minMag.c...
Compiling 3rdparty/softfloat3/source/extF80M_to_i64.c...
Compiling 3rdparty/softfloat3/source/extF80M_to_i64_r_minMag.c...
Compiling 3rdparty/softfloat3/source/extF80M_to_ui32.c...
Compiling 3rdparty/softfloat3/source/extF80M_to_ui32_r_minMag.c...
Compiling 3rdparty/softfloat3/source/extF80M_to_ui64.c...
Compiling 3rdparty/softfloat3/source/extF80M_to_ui64_r_minMag.c...
Compiling 3rdparty/softfloat3/source/extF80_add.c...
Compiling 3rdparty/softfloat3/source/extF80_div.c...
Compiling 3rdparty/softfloat3/source/extF80_eq.c...
Compiling 3rdparty/softfloat3/source/extF80_eq_signaling.c...
Compiling src/devices/bus/c64/dela_ep7x8.cpp...
Compiling 3rdparty/softfloat3/source/extF80_isSignalingNaN.c...
Compiling 3rdparty/softfloat3/source/extF80_le.c...
Compiling 3rdparty/softfloat3/source/extF80_le_quiet.c...
Compiling 3rdparty/softfloat3/source/extF80_lt.c...
Compiling 3rdparty/softfloat3/source/extF80_lt_quiet.c...
Compiling 3rdparty/softfloat3/source/extF80_mul.c...
Compiling 3rdparty/softfloat3/source/extF80_rem.c...
Compiling 3rdparty/softfloat3/source/extF80_roundToInt.c...
Compiling 3rdparty/softfloat3/source/extF80_sqrt.c...
Compiling 3rdparty/softfloat3/source/extF80_sub.c...
Compiling 3rdparty/softfloat3/source/extF80_to_f128.c...
Compiling 3rdparty/softfloat3/source/extF80_to_f16.c...
Compiling 3rdparty/softfloat3/source/extF80_to_f32.c...
Compiling 3rdparty/softfloat3/source/extF80_to_f64.c...
Compiling 3rdparty/softfloat3/source/extF80_to_i32.c...
Compiling src/devices/bus/c64/dinamic.cpp...
Compiling 3rdparty/softfloat3/source/extF80_to_i32_r_minMag.c...
Compiling 3rdparty/softfloat3/source/extF80_to_i64.c...
Compiling 3rdparty/softfloat3/source/extF80_to_i64_r_minMag.c...
Compiling 3rdparty/softfloat3/source/extF80_to_ui32.c...
Compiling 3rdparty/softfloat3/source/extF80_to_ui32_r_minMag.c...
Compiling 3rdparty/softfloat3/source/extF80_to_ui64.c...
Compiling src/mame/apple/maccordyceps.cpp...
Compiling 3rdparty/softfloat3/source/extF80_to_ui64_r_minMag.c...
Compiling 3rdparty/softfloat3/source/f128M_add.c...
Compiling 3rdparty/softfloat3/source/f128M_div.c...
Compiling 3rdparty/softfloat3/source/f128M_eq.c...
Objective-C compiling src/osd/modules/debugger/osx/consoleview.mm...
Compiling 3rdparty/softfloat3/source/f128M_eq_signaling.c...
Compiling 3rdparty/softfloat3/source/f128M_le.c...
Compiling 3rdparty/softfloat3/source/f128M_le_quiet.c...
Compiling src/devices/bus/c64/dqbb.cpp...
Compiling 3rdparty/softfloat3/source/f128M_lt.c...
Compiling 3rdparty/softfloat3/source/f128M_lt_quiet.c...
Compiling 3rdparty/softfloat3/source/f128M_mul.c...
Compiling 3rdparty/softfloat3/source/f128M_mulAdd.c...
Compiling 3rdparty/softfloat3/source/f128M_rem.c...
Compiling 3rdparty/softfloat3/source/f128M_roundToInt.c...
Compiling 3rdparty/softfloat3/source/f128M_sqrt.c...
Compiling 3rdparty/softfloat3/source/f128M_sub.c...
Compiling 3rdparty/softfloat3/source/f128M_to_extF80M.c...
Compiling 3rdparty/softfloat3/source/f128M_to_f16.c...
Compiling 3rdparty/softfloat3/source/f128M_to_f32.c...
Compiling 3rdparty/softfloat3/source/f128M_to_f64.c...
Compiling src/devices/bus/c64/easy_calc_result.cpp...
Compiling 3rdparty/softfloat3/source/f128M_to_i32.c...
Compiling 3rdparty/softfloat3/source/f128M_to_i32_r_minMag.c...
Compiling 3rdparty/softfloat3/source/f128M_to_i64.c...
Compiling 3rdparty/softfloat3/source/f128M_to_i64_r_minMag.c...
Compiling 3rdparty/softfloat3/source/f128M_to_ui32.c...
Compiling 3rdparty/softfloat3/source/f128M_to_ui32_r_minMag.c...
Compiling 3rdparty/softfloat3/source/f128M_to_ui64.c...
Compiling 3rdparty/softfloat3/source/f128M_to_ui64_r_minMag.c...
Compiling 3rdparty/softfloat3/source/f128_add.c...
Compiling 3rdparty/softfloat3/source/f128_div.c...
Compiling 3rdparty/softfloat3/source/f128_eq.c...
Compiling 3rdparty/softfloat3/source/f128_eq_signaling.c...
Compiling src/devices/bus/c64/easyflash.cpp...
Compiling 3rdparty/softfloat3/source/f128_isSignalingNaN.c...
Compiling 3rdparty/softfloat3/source/f128_le.c...
Compiling 3rdparty/softfloat3/source/f128_le_quiet.c...
Compiling 3rdparty/softfloat3/source/f128_lt.c...
Compiling 3rdparty/softfloat3/source/f128_lt_quiet.c...
Compiling 3rdparty/softfloat3/source/f128_mul.c...
Compiling src/emu/emumem_aspace.cpp...
Compiling 3rdparty/softfloat3/source/f128_mulAdd.c...
Compiling 3rdparty/softfloat3/source/f128_rem.c...
Compiling 3rdparty/softfloat3/source/f128_roundToInt.c...
Compiling 3rdparty/softfloat3/source/f128_sqrt.c...
Compiling 3rdparty/softfloat3/source/f128_sub.c...
Compiling src/frontend/mame/ui/audioeffects.cpp...
Compiling 3rdparty/softfloat3/source/f128_to_extF80.c...
Compiling 3rdparty/softfloat3/source/f128_to_f16.c...
Compiling 3rdparty/softfloat3/source/f128_to_f32.c...
Compiling 3rdparty/softfloat3/source/f128_to_f64.c...
Compiling src/devices/bus/c64/epyx_fast_load.cpp...
Compiling 3rdparty/softfloat3/source/f128_to_i32.c...
Compiling 3rdparty/softfloat3/source/f128_to_i32_r_minMag.c...
Compiling 3rdparty/softfloat3/source/f128_to_i64.c...
Compiling 3rdparty/softfloat3/source/f128_to_i64_r_minMag.c...
Compiling 3rdparty/softfloat3/source/f128_to_ui32.c...
Compiling 3rdparty/softfloat3/source/f128_to_ui32_r_minMag.c...
Compiling 3rdparty/softfloat3/source/f128_to_ui64.c...
Compiling 3rdparty/softfloat3/source/f128_to_ui64_r_minMag.c...
Compiling 3rdparty/softfloat3/source/f16_add.c...
Compiling 3rdparty/softfloat3/source/f16_div.c...
Compiling 3rdparty/softfloat3/source/f16_eq.c...
Compiling src/devices/bus/c64/exos.cpp...
Compiling 3rdparty/softfloat3/source/f16_eq_signaling.c...
Compiling 3rdparty/softfloat3/source/f16_isSignalingNaN.c...
Compiling 3rdparty/softfloat3/source/f16_le.c...
Compiling 3rdparty/softfloat3/source/f16_le_quiet.c...
Compiling 3rdparty/softfloat3/source/f16_lt.c...
Objective-C compiling src/osd/modules/debugger/osx/debugcommandhistory.mm...
Compiling 3rdparty/softfloat3/source/f16_lt_quiet.c...
Compiling 3rdparty/softfloat3/source/f16_mul.c...
Compiling 3rdparty/softfloat3/source/f16_mulAdd.c...
Compiling 3rdparty/softfloat3/source/f16_rem.c...
Compiling 3rdparty/softfloat3/source/f16_roundToInt.c...
Compiling src/mame/apple/macii.cpp...
Compiling 3rdparty/softfloat3/source/f16_sqrt.c...
Compiling src/devices/bus/c64/exp.cpp...
Compiling 3rdparty/softfloat3/source/f16_sub.c...
Compiling 3rdparty/softfloat3/source/f16_to_extF80.c...
Compiling 3rdparty/softfloat3/source/f16_to_extF80M.c...
Compiling 3rdparty/softfloat3/source/f16_to_f128.c...
Compiling 3rdparty/softfloat3/source/f16_to_f128M.c...
Compiling 3rdparty/softfloat3/source/f16_to_f32.c...
Compiling 3rdparty/softfloat3/source/f16_to_f64.c...
Compiling 3rdparty/softfloat3/source/f16_to_i32.c...
Compiling 3rdparty/softfloat3/source/f16_to_i32_r_minMag.c...
Compiling 3rdparty/softfloat3/source/f16_to_i64.c...
Compiling 3rdparty/softfloat3/source/f16_to_i64_r_minMag.c...
Compiling 3rdparty/softfloat3/source/f16_to_ui32.c...
Compiling 3rdparty/softfloat3/source/f16_to_ui32_r_minMag.c...
Compiling 3rdparty/softfloat3/source/f16_to_ui64.c...
Compiling 3rdparty/softfloat3/source/f16_to_ui64_r_minMag.c...
Compiling 3rdparty/softfloat3/source/f32_add.c...
Compiling 3rdparty/softfloat3/source/f32_div.c...
Compiling 3rdparty/softfloat3/source/f32_eq.c...
Compiling 3rdparty/softfloat3/source/f32_eq_signaling.c...
Compiling 3rdparty/softfloat3/source/f32_isSignalingNaN.c...
Compiling 3rdparty/softfloat3/source/f32_le.c...
Compiling 3rdparty/softfloat3/source/f32_le_quiet.c...
Compiling 3rdparty/softfloat3/source/f32_lt.c...
Compiling 3rdparty/softfloat3/source/f32_lt_quiet.c...
Compiling 3rdparty/softfloat3/source/f32_mul.c...
Compiling 3rdparty/softfloat3/source/f32_mulAdd.c...
Compiling 3rdparty/softfloat3/source/f32_rem.c...
Compiling 3rdparty/softfloat3/source/f32_roundToInt.c...
Compiling 3rdparty/softfloat3/source/f32_sqrt.c...
Compiling 3rdparty/softfloat3/source/f32_sub.c...
Compiling 3rdparty/softfloat3/source/f32_to_extF80.c...
Compiling 3rdparty/softfloat3/source/f32_to_extF80M.c...
Compiling 3rdparty/sqlite3/sqlite3.c...
Compiling 3rdparty/softfloat3/source/f32_to_f128.c...
Compiling 3rdparty/softfloat3/source/f32_to_f128M.c...
Compiling 3rdparty/softfloat3/source/f32_to_f16.c...
Compiling 3rdparty/softfloat3/source/f32_to_f64.c...
Compiling 3rdparty/softfloat3/source/f32_to_i32.c...
Compiling 3rdparty/softfloat3/source/f32_to_i32_r_minMag.c...
Compiling 3rdparty/softfloat3/source/f32_to_i64.c...
Compiling 3rdparty/softfloat3/source/f32_to_i64_r_minMag.c...
Compiling 3rdparty/softfloat3/source/f32_to_ui32.c...
Compiling src/devices/bus/c64/fcc.cpp...
Compiling 3rdparty/softfloat3/source/f32_to_ui32_r_minMag.c...
Compiling 3rdparty/softfloat3/source/f32_to_ui64.c...
Objective-C compiling src/osd/modules/debugger/osx/debugconsole.mm...
Compiling 3rdparty/softfloat3/source/f32_to_ui64_r_minMag.c...
Compiling 3rdparty/softfloat3/source/f64_add.c...
Compiling 3rdparty/softfloat3/source/f64_div.c...
Compiling 3rdparty/softfloat3/source/f64_eq.c...
Compiling 3rdparty/softfloat3/source/f64_eq_signaling.c...
Compiling 3rdparty/softfloat3/source/f64_isSignalingNaN.c...
Compiling 3rdparty/softfloat3/source/f64_le.c...
Compiling 3rdparty/softfloat3/source/f64_le_quiet.c...
Compiling 3rdparty/softfloat3/source/f64_lt.c...
Compiling 3rdparty/softfloat3/source/f64_lt_quiet.c...
Compiling 3rdparty/softfloat3/source/f64_mul.c...
Compiling 3rdparty/softfloat3/source/f64_mulAdd.c...
Compiling 3rdparty/softfloat3/source/f64_rem.c...
Compiling 3rdparty/softfloat3/source/f64_roundToInt.c...
Compiling 3rdparty/softfloat3/source/f64_sqrt.c...
Compiling 3rdparty/softfloat3/source/f64_sub.c...
Compiling 3rdparty/softfloat3/source/f64_to_extF80.c...
Compiling 3rdparty/softfloat3/source/f64_to_extF80M.c...
Compiling 3rdparty/softfloat3/source/f64_to_f128.c...
Compiling 3rdparty/softfloat3/source/f64_to_f128M.c...
Compiling 3rdparty/softfloat3/source/f64_to_f16.c...
Compiling src/devices/bus/c64/final.cpp...
Compiling 3rdparty/softfloat3/source/f64_to_f32.c...
Compiling 3rdparty/softfloat3/source/f64_to_i32.c...
Compiling 3rdparty/softfloat3/source/f64_to_i32_r_minMag.c...
Compiling 3rdparty/softfloat3/source/f64_to_i64.c...
Compiling 3rdparty/softfloat3/source/f64_to_i64_r_minMag.c...
Compiling 3rdparty/softfloat3/source/f64_to_ui32.c...
Compiling 3rdparty/softfloat3/source/f64_to_ui32_r_minMag.c...
Compiling 3rdparty/softfloat3/source/f64_to_ui64.c...
Compiling 3rdparty/softfloat3/source/f64_to_ui64_r_minMag.c...
Compiling 3rdparty/softfloat3/source/i32_to_extF80.c...
Compiling 3rdparty/softfloat3/source/i32_to_extF80M.c...
Compiling 3rdparty/softfloat3/source/i32_to_f128.c...
Compiling src/devices/bus/c64/final3.cpp...
Compiling 3rdparty/softfloat3/source/i32_to_f128M.c...
Compiling 3rdparty/softfloat3/source/i32_to_f16.c...
Compiling 3rdparty/softfloat3/source/i32_to_f32.c...
Compiling 3rdparty/softfloat3/source/i32_to_f64.c...
Compiling 3rdparty/softfloat3/source/i64_to_extF80.c...
Compiling 3rdparty/softfloat3/source/i64_to_extF80M.c...
Compiling 3rdparty/softfloat3/source/i64_to_f128.c...
Compiling 3rdparty/softfloat3/source/i64_to_f128M.c...
Compiling 3rdparty/softfloat3/source/i64_to_f16.c...
Compiling 3rdparty/softfloat3/source/i64_to_f32.c...
Compiling 3rdparty/softfloat3/source/i64_to_f64.c...
Compiling 3rdparty/softfloat3/source/s_add128.c...
Compiling 3rdparty/softfloat3/source/s_add256M.c...
Compiling src/devices/bus/c64/fun_play.cpp...
Compiling 3rdparty/softfloat3/source/s_addMagsExtF80.c...
Compiling 3rdparty/softfloat3/source/s_addMagsF128.c...
Compiling 3rdparty/softfloat3/source/s_addMagsF16.c...
Compiling 3rdparty/softfloat3/source/s_addMagsF32.c...
Compiling 3rdparty/softfloat3/source/s_addMagsF64.c...
Compiling 3rdparty/softfloat3/source/s_approxRecip32_1.c...
Compiling 3rdparty/softfloat3/source/s_approxRecipSqrt32_1.c...
Compiling 3rdparty/softfloat3/source/s_approxRecipSqrt_1Ks.c...
Compiling 3rdparty/softfloat3/source/s_approxRecip_1Ks.c...
Compiling 3rdparty/softfloat3/source/s_countLeadingZeros16.c...
Compiling src/devices/bus/c64/geocable.cpp...
Compiling 3rdparty/softfloat3/source/s_countLeadingZeros32.c...
Compiling 3rdparty/softfloat3/source/s_countLeadingZeros64.c...
Compiling 3rdparty/softfloat3/source/s_countLeadingZeros8.c...
Compiling 3rdparty/softfloat3/source/s_eq128.c...
Compiling 3rdparty/softfloat3/source/s_le128.c...
Compiling 3rdparty/softfloat3/source/s_lt128.c...
Compiling 3rdparty/softfloat3/source/s_mul128By32.c...
Compiling 3rdparty/softfloat3/source/s_mul128To256M.c...
Compiling 3rdparty/softfloat3/source/s_mul64ByShifted32To128.c...
Compiling 3rdparty/softfloat3/source/s_mul64To128.c...
Compiling 3rdparty/softfloat3/source/s_mulAddF128.c...
Compiling 3rdparty/softfloat3/source/s_mulAddF16.c...
Compiling 3rdparty/softfloat3/source/s_mulAddF32.c...
Compiling 3rdparty/softfloat3/source/s_mulAddF64.c...
Compiling 3rdparty/softfloat3/source/s_normRoundPackToExtF80.c...
Compiling 3rdparty/softfloat3/source/s_normRoundPackToF128.c...
Compiling 3rdparty/softfloat3/source/s_normRoundPackToF16.c...
Compiling 3rdparty/softfloat3/source/s_normRoundPackToF32.c...
Compiling 3rdparty/softfloat3/source/s_normRoundPackToF64.c...
Compiling 3rdparty/softfloat3/source/s_normSubnormalExtF80Sig.c...
Compiling 3rdparty/softfloat3/source/s_normSubnormalF128Sig.c...
Compiling 3rdparty/softfloat3/source/s_normSubnormalF16Sig.c...
Compiling 3rdparty/softfloat3/source/s_normSubnormalF32Sig.c...
Compiling 3rdparty/softfloat3/source/s_normSubnormalF64Sig.c...
Compiling src/devices/bus/c64/georam.cpp...
Compiling 3rdparty/softfloat3/source/s_roundPackToExtF80.c...
Compiling 3rdparty/softfloat3/source/s_roundPackToF128.c...
Compiling 3rdparty/softfloat3/source/s_roundPackToF16.c...
Compiling 3rdparty/softfloat3/source/s_roundPackToF32.c...
Compiling 3rdparty/softfloat3/source/s_roundPackToF64.c...
Compiling src/mame/apple/maciici.cpp...
Compiling 3rdparty/softfloat3/source/s_roundToI32.c...
Objective-C compiling src/osd/modules/debugger/osx/debugview.mm...
Compiling 3rdparty/softfloat3/source/s_roundToI64.c...
Compiling 3rdparty/softfloat3/source/s_roundToUI32.c...
Compiling 3rdparty/softfloat3/source/s_roundToUI64.c...
Compiling 3rdparty/softfloat3/source/s_shiftRightJam128.c...
Compiling 3rdparty/softfloat3/source/s_shiftRightJam128Extra.c...
Compiling 3rdparty/softfloat3/source/s_shiftRightJam256M.c...
Compiling 3rdparty/softfloat3/source/s_shiftRightJam32.c...
Compiling src/devices/bus/c64/ide64.cpp...
Compiling 3rdparty/softfloat3/source/s_shiftRightJam64.c...
Compiling 3rdparty/softfloat3/source/s_shiftRightJam64Extra.c...
Compiling 3rdparty/softfloat3/source/s_shortShiftLeft128.c...
Compiling 3rdparty/softfloat3/source/s_shortShiftRight128.c...
Compiling 3rdparty/softfloat3/source/s_shortShiftRightJam128.c...
Compiling 3rdparty/softfloat3/source/s_shortShiftRightJam128Extra.c...
Compiling 3rdparty/softfloat3/source/s_shortShiftRightJam64.c...
Compiling 3rdparty/softfloat3/source/s_shortShiftRightJam64Extra.c...
Compiling 3rdparty/softfloat3/source/s_sub128.c...
Compiling 3rdparty/softfloat3/source/s_sub256M.c...
Compiling 3rdparty/softfloat3/source/s_subMagsExtF80.c...
Compiling 3rdparty/softfloat3/source/s_subMagsF128.c...
Compiling 3rdparty/softfloat3/source/s_subMagsF16.c...
Compiling 3rdparty/softfloat3/source/s_subMagsF32.c...
Compiling 3rdparty/softfloat3/source/s_subMagsF64.c...
Compiling 3rdparty/softfloat3/source/softfloat_state.c...
Compiling 3rdparty/softfloat3/source/ui32_to_extF80.c...
Compiling 3rdparty/softfloat3/source/ui32_to_extF80M.c...
Compiling 3rdparty/softfloat3/source/ui32_to_f128.c...
Compiling 3rdparty/softfloat3/source/ui32_to_f128M.c...
Compiling 3rdparty/softfloat3/source/ui32_to_f16.c...
Compiling 3rdparty/softfloat3/source/ui32_to_f32.c...
Compiling src/devices/bus/c64/ieee488.cpp...
Compiling 3rdparty/softfloat3/source/ui32_to_f64.c...
Compiling 3rdparty/softfloat3/source/ui64_to_extF80.c...
Compiling 3rdparty/softfloat3/source/ui64_to_extF80M.c...
Compiling 3rdparty/softfloat3/source/ui64_to_f128.c...
Compiling 3rdparty/softfloat3/source/ui64_to_f128M.c...
Compiling 3rdparty/softfloat3/source/ui64_to_f16.c...
Compiling 3rdparty/softfloat3/source/ui64_to_f32.c...
Compiling 3rdparty/softfloat3/source/ui64_to_f64.c...
Archiving libsoftfloat3.a...
Compiling src/frontend/mame/ui/audiomix.cpp...
Compiling src/devices/bus/c64/kingsoft.cpp...
Compiling src/devices/bus/c64/mach5.cpp...
Compiling src/emu/emumem_hedp.cpp...
Compiling src/mame/apple/maciifx.cpp...
Compiling src/devices/bus/c64/magic_desk.cpp...
Compiling src/devices/bus/c64/magic_formel.cpp...
Objective-C compiling src/osd/modules/debugger/osx/debugwindowhandler.mm...
Compiling src/devices/bus/c64/magic_voice.cpp...
Compiling src/frontend/mame/ui/auditmenu.cpp...
Compiling src/devices/bus/c64/midi_maplin.cpp...
Compiling src/devices/bus/c64/midi_namesoft.cpp...
Compiling src/lib/util/aes256cbc.cpp...
Compiling src/lib/util/archiver.cpp...
Compiling src/mame/apple/maclc.cpp...
Compiling src/devices/bus/c64/midi_passport.cpp...
Objective-C compiling src/osd/modules/debugger/osx/deviceinfoviewer.mm...
Compiling src/mame/apple/maclc3.cpp...
Compiling src/devices/bus/c64/midi_sci.cpp...
Compiling src/lib/util/avhuff.cpp...
Compiling src/devices/bus/c64/midi_siel.cpp...
Compiling src/devices/bus/c64/mikro_assembler.cpp...
Compiling src/devices/bus/c64/multiscreen.cpp...
Compiling src/lib/util/aviio.cpp...
Compiling src/devices/bus/c64/music64.cpp...
../../../../../src/osd/modules/debugger/osx/deviceinfoviewer.mm:93:10: warning: 'setBorderType:' is deprecated: first deprecated in macOS 10.15 - borderType is only applicable to NSBoxOldStyle, which is deprecated. To replace a borderType of NSNoBorder, use the `transparent` property. [-Wdeprecated-declarations]
   93 |         [result setBorderType:NSLineBorder];
      |                 ^
In file included from ../../../../../src/osd/modules/debugger/osx/deviceinfoviewer.mm:10:
In file included from ../../../../../src/osd/modules/debugger/osx/deviceinfoviewer.h:9:
In file included from ../../../../../src/osd/modules/debugger/osx/debugosx.h:26:
In file included from /Applications/Xcode.app/Contents/Developer/Platforms/MacOSX.platform/Developer/SDKs/MacOSX.sdk/System/Library/Frameworks/Cocoa.framework/Headers/Cocoa.h:13:
In file included from /Applications/Xcode.app/Contents/Developer/Platforms/MacOSX.platform/Developer/SDKs/MacOSX.sdk/System/Library/Frameworks/AppKit.framework/Headers/AppKit.h:23:
/Applications/Xcode.app/Contents/Developer/Platforms/MacOSX.platform/Developer/SDKs/MacOSX.sdk/System/Library/Frameworks/AppKit.framework/Headers/NSBox.h:74:24: note: property 'borderType' is declared deprecated here
   74 | @property NSBorderType borderType API_DEPRECATED("borderType is only applicable to NSBoxOldStyle, which is deprecated. To replace a borderType of NSNoBorder, use the `transparent` property.", macos(10.0, 10.15));
      |                        ^
/Applications/Xcode.app/Contents/Developer/Platforms/MacOSX.platform/Developer/SDKs/MacOSX.sdk/System/Library/Frameworks/AppKit.framework/Headers/NSBox.h:74:24: note: 'setBorderType:' has been explicitly marked deprecated here
1 warning generated.
Objective-C compiling src/osd/modules/debugger/osx/devicesviewer.mm...
Compiling src/devices/bus/c64/neoram.cpp...
Compiling src/devices/bus/c64/ocean.cpp...
Compiling src/emu/emumem_hedr0.cpp...
Compiling src/devices/bus/c64/pagefox.cpp...
Compiling src/devices/bus/c64/partner.cpp...
Compiling src/mame/apple/macprtb.cpp...
Compiling src/lib/util/bitmap.cpp...
Compiling src/devices/bus/c64/prophet64.cpp...
Compiling src/devices/bus/c64/ps64.cpp...
Compiling src/lib/util/cdrom.cpp...
Compiling src/devices/bus/c64/reu.cpp...
Objective-C compiling src/osd/modules/debugger/osx/disassemblyview.mm...
Compiling src/devices/bus/c64/rex.cpp...
Compiling src/devices/bus/c64/rex_ep256.cpp...
Compiling src/devices/bus/c64/ross.cpp...
Compiling src/lib/util/chd.cpp...
Compiling src/devices/bus/c64/sfx_sound_expander.cpp...
Compiling src/mame/apple/macpwrbk030.cpp...
Compiling src/devices/bus/c64/silverrock.cpp...
Compiling src/devices/bus/c64/simons_basic.cpp...
Objective-C compiling src/osd/modules/debugger/osx/disassemblyviewer.mm...
Compiling src/devices/bus/c64/speakeasy.cpp...
Compiling src/lib/util/chdcodec.cpp...
Compiling src/devices/bus/c64/stardos.cpp...
Compiling src/devices/bus/c64/std.cpp...
Compiling src/devices/bus/c64/structured_basic.cpp...
Compiling src/devices/bus/c64/super_explode.cpp...
Compiling src/lib/util/corealloc.cpp...
Compiling src/devices/bus/c64/super_games.cpp...
Compiling src/lib/util/corefile.cpp...
Compiling src/devices/bus/c64/supercpu.cpp...
Archiving libsqlite3.a...
Compiling src/frontend/mame/ui/barcode.cpp...
Objective-C compiling src/osd/modules/debugger/osx/errorlogview.mm...
Compiling src/devices/bus/c64/sw8k.cpp...
Compiling src/mame/apple/macquadra605.cpp...
Compiling src/devices/bus/c64/swiftlink.cpp...
Compiling src/frontend/mame/ui/cheatopt.cpp...
Compiling src/lib/util/corestr.cpp...
Compiling src/devices/bus/c64/system3.cpp...
Compiling src/emu/emumem_hedr1.cpp...
Compiling src/lib/util/coreutil.cpp...
Compiling src/lib/util/delegate.cpp...
Compiling src/devices/bus/c64/tdos.cpp...
Compiling src/devices/bus/c64/tibdd001.cpp...
Compiling src/lib/util/disasmintf.cpp...
Compiling src/frontend/mame/ui/confswitch.cpp...
Objective-C compiling src/osd/modules/debugger/osx/errorlogviewer.mm...
Compiling src/devices/bus/c64/turbo232.cpp...
Compiling src/devices/bus/c64/up9600.cpp...
Compiling src/lib/util/dvdrom.cpp...
Compiling src/frontend/mame/ui/custui.cpp...
Compiling src/devices/bus/c64/user.cpp...
Compiling src/mame/apple/macquadra630.cpp...
Compiling src/devices/bus/c64/vizastar.cpp...
Compiling src/lib/util/dynamicclass.cpp...
Compiling src/devices/bus/c64/vw64.cpp...
Compiling src/devices/bus/c64/warp_speed.cpp...
Objective-C compiling src/osd/modules/debugger/osx/exceptionpointsview.mm...
Compiling src/devices/bus/c64/westermann.cpp...
Compiling src/lib/util/flac.cpp...
Compiling src/frontend/mame/ui/datmenu.cpp...
Compiling src/devices/bus/c64/xl80.cpp...
Compiling src/devices/bus/c64/z80videopak.cpp...
Compiling src/lib/util/harddisk.cpp...
Compiling src/devices/bus/c64/zaxxon.cpp...
Objective-C compiling src/osd/modules/debugger/osx/memoryview.mm...
Compiling src/frontend/mame/ui/devopt.cpp...
Compiling src/mame/apple/macquadra700.cpp...
Compiling src/devices/bus/cbmiec/c1526.cpp...
Compiling src/lib/util/hash.cpp...
Compiling src/lib/util/hashing.cpp...
Compiling src/devices/bus/cbmiec/c1541.cpp...
Compiling src/frontend/mame/ui/dirmenu.cpp...
Compiling src/lib/util/huffman.cpp...
Compiling src/frontend/mame/ui/filecreate.cpp...
Objective-C compiling src/osd/modules/debugger/osx/memoryviewer.mm...
Compiling src/devices/bus/cbmiec/c1541_clones.cpp...
Compiling src/lib/util/ioprocs.cpp...
Compiling src/frontend/mame/ui/filemngr.cpp...
Compiling src/devices/bus/cbmiec/c1571.cpp...
Compiling src/mame/apple/macquadra800.cpp...
Compiling src/frontend/mame/ui/filesel.cpp...
Compiling src/lib/util/ioprocsfilter.cpp...
Compiling src/devices/bus/cbmiec/c1571cr.cpp...
Objective-C compiling src/osd/modules/debugger/osx/pointsviewer.mm...
Compiling src/lib/util/ioprocsstream.cpp...
Compiling src/frontend/mame/ui/floppycntrl.cpp...
Compiling src/devices/bus/cbmiec/c1581.cpp...
Compiling src/lib/util/jedparse.cpp...
Compiling src/frontend/mame/ui/icorender.cpp...
Compiling src/devices/bus/cbmiec/c5181.cpp...
Compiling src/lib/util/language.cpp...
Compiling src/frontend/mame/ui/imgcntrl.cpp...
Objective-C compiling src/osd/modules/debugger/osx/registerpointsview.mm...
Compiling src/devices/bus/cbmiec/c64_nl10.cpp...
Compiling src/mame/apple/macrtc.cpp...
Compiling src/devices/bus/cbmiec/cbmiec.cpp...
Compiling src/lib/util/md5.cpp...
Compiling src/lib/util/mfpresolve.cpp...
Compiling src/frontend/mame/ui/info.cpp...
Compiling src/lib/util/msdib.cpp...
Compiling src/devices/bus/cbmiec/cmdhd.cpp...
Objective-C compiling src/osd/modules/debugger/osx/registersview.mm...
Compiling src/lib/util/nanosvg.cpp...
Compiling src/frontend/mame/ui/info_pty.cpp...
Compiling src/mame/apple/macscsi.cpp...
Compiling src/frontend/mame/ui/inifile.cpp...
Compiling src/devices/bus/cbmiec/diag264_lb_iec.cpp...
Compiling src/lib/util/opresolv.cpp...
Compiling src/devices/bus/cbmiec/dolphindos.cpp...
Compiling src/lib/util/options.cpp...
Compiling src/devices/bus/cbmiec/fd2000.cpp...
Compiling src/frontend/mame/ui/inputdevices.cpp...
Compiling src/mame/apple/mactoolbox.cpp...
Objective-C compiling src/osd/modules/debugger/osx/watchpointsview.mm...
Compiling src/frontend/mame/ui/inputmap.cpp...
Compiling src/devices/bus/cbmiec/interpod.cpp...
Compiling src/lib/util/palette.cpp...
Compiling src/frontend/mame/ui/inputopts.cpp...
Compiling src/devices/bus/cbmiec/minichief.cpp...
Compiling src/osd/modules/debugger/xmlconfig.cpp...
Compiling src/osd/modules/diagnostics/diagnostics_win32.cpp...
Compiling src/mame/apple/mesh.cpp...
Compiling src/frontend/mame/ui/inputtoggle.cpp...
Compiling src/lib/util/path.cpp...
Compiling src/osd/modules/diagnostics/none.cpp...
Compiling src/devices/bus/cbmiec/mos5710.cpp...
Compiling src/frontend/mame/ui/keyboard.cpp...
Compiling src/devices/bus/cbmiec/mps1200.cpp...
Compiling src/osd/modules/font/font_dwrite.cpp...
Compiling src/lib/util/path_to_regex.cpp...
Compiling src/frontend/mame/ui/mainmenu.cpp...
Compiling 3rdparty/wdlfft/fft.c...
Archiving libwdlfft.a...
Compiling src/mame/apple/omega.cpp...
Compiling src/osd/modules/font/font_none.cpp...
Compiling src/devices/bus/cbmiec/prodos.cpp...
Compiling 3rdparty/ymfm/src/ymfm_adpcm.cpp...
Compiling src/devices/bus/cbmiec/prologicdos.cpp...
Compiling src/osd/modules/font/font_osx.cpp...
Compiling 3rdparty/ymfm/src/ymfm_misc.cpp...
Compiling src/frontend/mame/ui/menu.cpp...
Compiling src/devices/bus/cbmiec/rapidos.cpp...
Compiling 3rdparty/ymfm/src/ymfm_opl.cpp...
Compiling src/mame/apple/powermacg3.cpp...
Compiling src/lib/util/plaparse.cpp...
Compiling src/devices/bus/cbmiec/sd2iec.cpp...
Compiling src/osd/modules/font/font_sdl.cpp...
Compiling src/lib/util/png.cpp...
Compiling src/frontend/mame/ui/midiinout.cpp...
Compiling src/devices/bus/cbmiec/serialbox.cpp...
Compiling src/osd/modules/font/font_sdl3.cpp...
Compiling src/frontend/mame/ui/miscmenu.cpp...
Compiling src/devices/bus/cbmiec/turbotrans.cpp...
Compiling 3rdparty/ymfm/src/ymfm_opm.cpp...
Compiling src/osd/modules/font/font_windows.cpp...
Compiling src/lib/util/simh_tape_file.cpp...
Compiling src/devices/bus/cbmiec/vic1515.cpp...
Compiling src/osd/modules/input/assignmenthelper.cpp...
Compiling 3rdparty/ymfm/src/ymfm_opn.cpp...
Compiling src/devices/bus/cbmiec/vic1520.cpp...
Compiling 3rdparty/zlib/adler32.c...
Compiling src/lib/util/strformat.cpp...
Compiling 3rdparty/zlib/compress.c...
Compiling 3rdparty/zlib/crc32.c...
Compiling 3rdparty/zlib/deflate.c...
Compiling src/frontend/mame/ui/moptions.cpp...
Compiling src/mame/apple/rbv.cpp...
Compiling 3rdparty/zlib/infback.c...
Compiling src/frontend/mame/ui/optsmenu.cpp...
Compiling 3rdparty/zlib/inffast.c...
Compiling src/devices/bus/centronics/adaptator.cpp...
Compiling 3rdparty/zlib/inflate.c...
Compiling src/osd/modules/input/input_common.cpp...
Compiling 3rdparty/zlib/inftrees.c...
Compiling 3rdparty/zlib/trees.c...
Compiling 3rdparty/ymfm/src/ymfm_opq.cpp...
Compiling 3rdparty/zlib/uncompr.c...
Compiling 3rdparty/zlib/zutil.c...
Compiling src/devices/bus/centronics/chessmec.cpp...
Archiving libzlib.a...
Compiling src/emu/emumem_hedr2.cpp...
Compiling src/frontend/mame/ui/pluginopt.cpp...
Compiling src/lib/util/timeconv.cpp...
Compiling src/devices/bus/centronics/comxpl80.cpp...
Compiling 3rdparty/ymfm/src/ymfm_opz.cpp...
Compiling src/devices/bus/centronics/covox.cpp...
Compiling src/lib/util/un7z.cpp...
Compiling src/devices/bus/centronics/ctronics.cpp...
Compiling src/osd/modules/input/input_dinput.cpp...
Compiling src/mame/apple/scsidma.cpp...
Compiling src/frontend/mame/ui/prscntrl.cpp...
Compiling 3rdparty/ymfm/src/ymfm_pcm.cpp...
Compiling src/frontend/mame/ui/quitmenu.cpp...
Compiling src/osd/modules/input/input_mac.cpp...
Compiling src/devices/bus/centronics/digiblst.cpp...
Compiling 3rdparty/ymfm/src/ymfm_ssg.cpp...
Compiling src/lib/util/unicode.cpp...
Compiling src/frontend/mame/ui/selector.cpp...
Compiling src/devices/bus/centronics/dsjoy.cpp...
Compiling src/osd/modules/input/input_none.cpp...
../../../../../src/lib/util/unicode.cpp:463:28: warning: 'codecvt_utf8<wchar_t>' is deprecated [-Wdeprecated-declarations]
  463 |         std::wstring_convert<std::codecvt_utf8<wchar_t>> converter;
      |                                   ^
In file included from ../../../../../src/lib/util/unicode.cpp:21:
/Applications/Xcode.app/Contents/Developer/Platforms/MacOSX.platform/Developer/SDKs/MacOSX.sdk/usr/include/c++/v1/codecvt:199:7: note: 'codecvt_utf8<wchar_t>' has been explicitly marked deprecated here
  199 | class _LIBCPP_DEPRECATED_IN_CXX17 codecvt_utf8 : public __codecvt_utf8<_Elem> {
      |       ^
In file included from ../../../../../src/lib/util/unicode.cpp:11:
In file included from ../../../../../src/lib/util/unicode.h:22:
In file included from /Applications/Xcode.app/Contents/Developer/Platforms/MacOSX.platform/Developer/SDKs/MacOSX.sdk/usr/include/c++/v1/string:592:
In file included from /Applications/Xcode.app/Contents/Developer/Platforms/MacOSX.platform/Developer/SDKs/MacOSX.sdk/usr/include/c++/v1/__algorithm/max.h:12:
In file included from /Applications/Xcode.app/Contents/Developer/Platforms/MacOSX.platform/Developer/SDKs/MacOSX.sdk/usr/include/c++/v1/__algorithm/comp.h:12:
/Applications/Xcode.app/Contents/Developer/Platforms/MacOSX.platform/Developer/SDKs/MacOSX.sdk/usr/include/c++/v1/__config:581:41: note: expanded from macro '_LIBCPP_DEPRECATED_IN_CXX17'
  581 | #    define _LIBCPP_DEPRECATED_IN_CXX17 _LIBCPP_DEPRECATED
      |                                         ^
/Applications/Xcode.app/Contents/Developer/Platforms/MacOSX.platform/Developer/SDKs/MacOSX.sdk/usr/include/c++/v1/__config:554:49: note: expanded from macro '_LIBCPP_DEPRECATED'
  554 | #      define _LIBCPP_DEPRECATED __attribute__((__deprecated__))
      |                                                 ^
../../../../../src/lib/util/unicode.cpp:463:7: warning: 'wstring_convert<std::codecvt_utf8<wchar_t>>' is deprecated [-Wdeprecated-declarations]
  463 |         std::wstring_convert<std::codecvt_utf8<wchar_t>> converter;
      |              ^
In file included from ../../../../../src/lib/util/unicode.cpp:22:
In file included from /Applications/Xcode.app/Contents/Developer/Platforms/MacOSX.platform/Developer/SDKs/MacOSX.sdk/usr/include/c++/v1/locale:203:
/Applications/Xcode.app/Contents/Developer/Platforms/MacOSX.platform/Developer/SDKs/MacOSX.sdk/usr/include/c++/v1/__locale_dir/wstring_convert.h:34:7: note: 'wstring_convert<std::codecvt_utf8<wchar_t>>' has been explicitly marked deprecated here
   34 | class _LIBCPP_DEPRECATED_IN_CXX17 wstring_convert {
      |       ^
In file included from ../../../../../src/lib/util/unicode.cpp:11:
In file included from ../../../../../src/lib/util/unicode.h:22:
In file included from /Applications/Xcode.app/Contents/Developer/Platforms/MacOSX.platform/Developer/SDKs/MacOSX.sdk/usr/include/c++/v1/string:592:
In file included from /Applications/Xcode.app/Contents/Developer/Platforms/MacOSX.platform/Developer/SDKs/MacOSX.sdk/usr/include/c++/v1/__algorithm/max.h:12:
In file included from /Applications/Xcode.app/Contents/Developer/Platforms/MacOSX.platform/Developer/SDKs/MacOSX.sdk/usr/include/c++/v1/__algorithm/comp.h:12:
/Applications/Xcode.app/Contents/Developer/Platforms/MacOSX.platform/Developer/SDKs/MacOSX.sdk/usr/include/c++/v1/__config:581:41: note: expanded from macro '_LIBCPP_DEPRECATED_IN_CXX17'
  581 | #    define _LIBCPP_DEPRECATED_IN_CXX17 _LIBCPP_DEPRECATED
      |                                         ^
/Applications/Xcode.app/Contents/Developer/Platforms/MacOSX.platform/Developer/SDKs/MacOSX.sdk/usr/include/c++/v1/__config:554:49: note: expanded from macro '_LIBCPP_DEPRECATED'
  554 | #      define _LIBCPP_DEPRECATED __attribute__((__deprecated__))
      |                                                 ^
../../../../../src/lib/util/unicode.cpp:479:28: warning: 'codecvt_utf8<wchar_t>' is deprecated [-Wdeprecated-declarations]
  479 |         std::wstring_convert<std::codecvt_utf8<wchar_t>> converter;
      |                                   ^
In file included from ../../../../../src/lib/util/unicode.cpp:21:
/Applications/Xcode.app/Contents/Developer/Platforms/MacOSX.platform/Developer/SDKs/MacOSX.sdk/usr/include/c++/v1/codecvt:199:7: note: 'codecvt_utf8<wchar_t>' has been explicitly marked deprecated here
  199 | class _LIBCPP_DEPRECATED_IN_CXX17 codecvt_utf8 : public __codecvt_utf8<_Elem> {
      |       ^
In file included from ../../../../../src/lib/util/unicode.cpp:11:
In file included from ../../../../../src/lib/util/unicode.h:22:
In file included from /Applications/Xcode.app/Contents/Developer/Platforms/MacOSX.platform/Developer/SDKs/MacOSX.sdk/usr/include/c++/v1/string:592:
In file included from /Applications/Xcode.app/Contents/Developer/Platforms/MacOSX.platform/Developer/SDKs/MacOSX.sdk/usr/include/c++/v1/__algorithm/max.h:12:
In file included from /Applications/Xcode.app/Contents/Developer/Platforms/MacOSX.platform/Developer/SDKs/MacOSX.sdk/usr/include/c++/v1/__algorithm/comp.h:12:
/Applications/Xcode.app/Contents/Developer/Platforms/MacOSX.platform/Developer/SDKs/MacOSX.sdk/usr/include/c++/v1/__config:581:41: note: expanded from macro '_LIBCPP_DEPRECATED_IN_CXX17'
  581 | #    define _LIBCPP_DEPRECATED_IN_CXX17 _LIBCPP_DEPRECATED
      |                                         ^
/Applications/Xcode.app/Contents/Developer/Platforms/MacOSX.platform/Developer/SDKs/MacOSX.sdk/usr/include/c++/v1/__config:554:49: note: expanded from macro '_LIBCPP_DEPRECATED'
  554 | #      define _LIBCPP_DEPRECATED __attribute__((__deprecated__))
      |                                                 ^
../../../../../src/lib/util/unicode.cpp:479:7: warning: 'wstring_convert<std::codecvt_utf8<wchar_t>>' is deprecated [-Wdeprecated-declarations]
  479 |         std::wstring_convert<std::codecvt_utf8<wchar_t>> converter;
      |              ^
In file included from ../../../../../src/lib/util/unicode.cpp:22:
In file included from /Applications/Xcode.app/Contents/Developer/Platforms/MacOSX.platform/Developer/SDKs/MacOSX.sdk/usr/include/c++/v1/locale:203:
/Applications/Xcode.app/Contents/Developer/Platforms/MacOSX.platform/Developer/SDKs/MacOSX.sdk/usr/include/c++/v1/__locale_dir/wstring_convert.h:34:7: note: 'wstring_convert<std::codecvt_utf8<wchar_t>>' has been explicitly marked deprecated here
   34 | class _LIBCPP_DEPRECATED_IN_CXX17 wstring_convert {
      |       ^
In file included from ../../../../../src/lib/util/unicode.cpp:11:
In file included from ../../../../../src/lib/util/unicode.h:22:
In file included from /Applications/Xcode.app/Contents/Developer/Platforms/MacOSX.platform/Developer/SDKs/MacOSX.sdk/usr/include/c++/v1/string:592:
In file included from /Applications/Xcode.app/Contents/Developer/Platforms/MacOSX.platform/Developer/SDKs/MacOSX.sdk/usr/include/c++/v1/__algorithm/max.h:12:
In file included from /Applications/Xcode.app/Contents/Developer/Platforms/MacOSX.platform/Developer/SDKs/MacOSX.sdk/usr/include/c++/v1/__algorithm/comp.h:12:
/Applications/Xcode.app/Contents/Developer/Platforms/MacOSX.platform/Developer/SDKs/MacOSX.sdk/usr/include/c++/v1/__config:581:41: note: expanded from macro '_LIBCPP_DEPRECATED_IN_CXX17'
  581 | #    define _LIBCPP_DEPRECATED_IN_CXX17 _LIBCPP_DEPRECATED
      |                                         ^
/Applications/Xcode.app/Contents/Developer/Platforms/MacOSX.platform/Developer/SDKs/MacOSX.sdk/usr/include/c++/v1/__config:554:49: note: expanded from macro '_LIBCPP_DEPRECATED'
  554 | #      define _LIBCPP_DEPRECATED __attribute__((__deprecated__))
      |                                                 ^
Compiling src/devices/bus/centronics/epson_ex800.cpp...
In file included from ../../../../../src/lib/util/unicode.cpp:22:
In file included from /Applications/Xcode.app/Contents/Developer/Platforms/MacOSX.platform/Developer/SDKs/MacOSX.sdk/usr/include/c++/v1/locale:203:
/Applications/Xcode.app/Contents/Developer/Platforms/MacOSX.platform/Developer/SDKs/MacOSX.sdk/usr/include/c++/v1/__locale_dir/wstring_convert.h:179:1: warning: 'wstring_convert<std::codecvt_utf8<wchar_t>>' is deprecated [-Wdeprecated-declarations]
  179 | wstring_convert<_Codecvt, _Elem, _WideAlloc, _ByteAlloc>::to_bytes(const _Elem* __frm, const _Elem* __frm_end) {
      | ^
../../../../../src/lib/util/unicode.cpp:480:19: note: in instantiation of member function 'std::wstring_convert<std::codecvt_utf8<wchar_t>>::to_bytes' requested here
  480 |         return converter.to_bytes(string.data(), string.data() + string.length());
      |                          ^
In file included from ../../../../../src/lib/util/unicode.cpp:22:
In file included from /Applications/Xcode.app/Contents/Developer/Platforms/MacOSX.platform/Developer/SDKs/MacOSX.sdk/usr/include/c++/v1/locale:203:
/Applications/Xcode.app/Contents/Developer/Platforms/MacOSX.platform/Developer/SDKs/MacOSX.sdk/usr/include/c++/v1/__locale_dir/wstring_convert.h:34:7: note: 'wstring_convert<std::codecvt_utf8<wchar_t>>' has been explicitly marked deprecated here
   34 | class _LIBCPP_DEPRECATED_IN_CXX17 wstring_convert {
      |       ^
In file included from ../../../../../src/lib/util/unicode.cpp:11:
In file included from ../../../../../src/lib/util/unicode.h:22:
In file included from /Applications/Xcode.app/Contents/Developer/Platforms/MacOSX.platform/Developer/SDKs/MacOSX.sdk/usr/include/c++/v1/string:592:
In file included from /Applications/Xcode.app/Contents/Developer/Platforms/MacOSX.platform/Developer/SDKs/MacOSX.sdk/usr/include/c++/v1/__algorithm/max.h:12:
In file included from /Applications/Xcode.app/Contents/Developer/Platforms/MacOSX.platform/Developer/SDKs/MacOSX.sdk/usr/include/c++/v1/__algorithm/comp.h:12:
/Applications/Xcode.app/Contents/Developer/Platforms/MacOSX.platform/Developer/SDKs/MacOSX.sdk/usr/include/c++/v1/__config:581:41: note: expanded from macro '_LIBCPP_DEPRECATED_IN_CXX17'
  581 | #    define _LIBCPP_DEPRECATED_IN_CXX17 _LIBCPP_DEPRECATED
      |                                         ^
/Applications/Xcode.app/Contents/Developer/Platforms/MacOSX.platform/Developer/SDKs/MacOSX.sdk/usr/include/c++/v1/__config:554:49: note: expanded from macro '_LIBCPP_DEPRECATED'
  554 | #      define _LIBCPP_DEPRECATED __attribute__((__deprecated__))
      |                                                 ^
Archiving libymfm.a...
Compiling src/emu/emumem_hedr3.cpp...
Compiling src/frontend/mame/ui/selgame.cpp...
5 warnings generated.
Compiling src/lib/util/unzip.cpp...
Compiling src/osd/modules/input/input_rawinput.cpp...
Compiling src/mame/apple/sonora.cpp...
Compiling src/devices/bus/centronics/epson_fx80.cpp...
Compiling src/osd/modules/input/input_sdl.cpp...
Compiling src/devices/bus/centronics/epson_lx800.cpp...
Compiling src/lib/util/vbiparse.cpp...
Compiling src/osd/modules/input/input_sdl3.cpp...
Compiling src/lib/util/vecstream.cpp...
Compiling src/devices/bus/centronics/epson_lx810l.cpp...
Compiling src/frontend/mame/ui/selmenu.cpp...
Compiling 3rdparty/zstd/lib/common/debug.c...
Compiling 3rdparty/zstd/lib/common/entropy_common.c...
Compiling 3rdparty/zstd/lib/common/error_private.c...
Compiling 3rdparty/zstd/lib/common/fse_decompress.c...
Compiling 3rdparty/zstd/lib/common/pool.c...
Compiling src/mame/apple/v8.cpp...
Compiling 3rdparty/zstd/lib/common/threading.c...
Compiling 3rdparty/zstd/lib/common/xxhash.c...
Compiling 3rdparty/zstd/lib/common/zstd_common.c...
Compiling 3rdparty/zstd/lib/compress/fse_compress.c...
Compiling src/lib/util/wavwrite.cpp...
Compiling 3rdparty/zstd/lib/compress/hist.c...
Compiling src/devices/bus/centronics/epson_rx80.cpp...
Compiling 3rdparty/zstd/lib/compress/huf_compress.c...
Compiling src/devices/bus/centronics/hasp_savquest.cpp...
Compiling 3rdparty/zstd/lib/compress/zstd_compress.c...
Compiling src/lib/util/xmlfile.cpp...
Compiling src/osd/modules/input/input_sdlcommon.cpp...
Compiling src/devices/bus/centronics/mz1p16.cpp...
Compiling src/devices/bus/centronics/nec_p72.cpp...
Compiling 3rdparty/zstd/lib/compress/zstd_compress_literals.c...
Compiling 3rdparty/zstd/lib/compress/zstd_compress_sequences.c...
Compiling src/lib/util/zippath.cpp...
Compiling src/osd/modules/input/input_win32.cpp...
Compiling 3rdparty/zstd/lib/compress/zstd_compress_superblock.c...
Compiling src/devices/bus/centronics/neomania_adapter.cpp...
Compiling 3rdparty/zstd/lib/compress/zstd_double_fast.c...
Compiling src/devices/bus/centronics/nlq401.cpp...
Compiling src/mame/apple/valkyrie.cpp...
Compiling src/frontend/mame/ui/selsoft.cpp...
Compiling src/osd/modules/input/input_windows.cpp...
Archiving libutils.a...
Compiling src/emu/emumem_hedw0.cpp...
Compiling src/devices/bus/centronics/pc6022.cpp...
Compiling 3rdparty/zstd/lib/compress/zstd_fast.c...
Compiling src/osd/modules/input/input_winhybrid.cpp...
Compiling src/devices/bus/centronics/printer.cpp...
Compiling src/osd/modules/input/input_winsdl.cpp...
Compiling 3rdparty/zstd/lib/compress/zstd_lazy.c...
Compiling src/devices/bus/centronics/samdac.cpp...
Compiling src/osd/modules/input/input_x11.cpp...
Compiling src/mame/homebrew/ultim809.cpp...
Compiling src/devices/bus/centronics/smartboard.cpp...
Compiling src/devices/bus/centronics/spjoy.cpp...
Compiling src/osd/modules/input/input_xinput.cpp...
Compiling src/devices/bus/heathzenith/h19/tlb.cpp...
Compiling src/frontend/mame/ui/simpleselgame.cpp...
Compiling src/osd/modules/lib/osdobj_common.cpp...
Compiling src/frontend/mame/ui/sliders.cpp...
Compiling 3rdparty/zstd/lib/compress/zstd_ldm.c...
Compiling src/mame/ibm/thinkpad600.cpp...
Compiling src/frontend/mame/ui/slotopt.cpp...
Compiling 3rdparty/zstd/lib/compress/zstd_opt.c...
Compiling src/devices/bus/hp_dio/hp98259.cpp...
Compiling src/frontend/mame/ui/sndmenu.cpp...
Compiling 3rdparty/zstd/lib/compress/zstd_preSplit.c...
Compiling 3rdparty/zstd/lib/compress/zstdmt_compress.c...
Compiling src/osd/modules/midi/none.cpp...
Compiling src/devices/bus/hp_dio/hp98265a.cpp...
Compiling 3rdparty/zstd/lib/decompress/huf_decompress.c...
Compiling src/frontend/mame/ui/state.cpp...
Compiling src/devices/bus/hp_dio/hp98543.cpp...
Compiling src/osd/modules/midi/portmidi.cpp...
Compiling 3rdparty/zstd/lib/decompress/zstd_ddict.c...
Compiling 3rdparty/zstd/lib/decompress/zstd_decompress.c...
Compiling src/mame/jpm/pl6_exp.cpp...
Compiling src/devices/bus/hp_dio/hp98544.cpp...
Compiling 3rdparty/zstd/lib/decompress/zstd_decompress_block.c...
Compiling src/frontend/mame/ui/submenu.cpp...
Compiling src/osd/modules/monitor/monitor_common.cpp...
Compiling src/devices/bus/hp_dio/hp98550.cpp...
Archiving libzstd.a...
Compiling src/emu/emumem_hedw1.cpp...
Compiling src/frontend/mame/ui/swlist.cpp...
Compiling src/devices/bus/hp_dio/hp98603.cpp...
Compiling src/osd/modules/monitor/monitor_dxgi.cpp...
Compiling src/mame/jpm/pl6_fpga.cpp...
Compiling src/devices/bus/hp_dio/hp98620.cpp...
Compiling src/frontend/mame/ui/systemlist.cpp...
Compiling src/devices/bus/hp_dio/hp98624.cpp...
Compiling src/osd/modules/monitor/monitor_mac.cpp...
Compiling src/devices/bus/hp_dio/hp98628_9.cpp...
Compiling src/frontend/mame/ui/tapectrl.cpp...
Compiling src/osd/modules/monitor/monitor_sdl.cpp...
Compiling src/frontend/mame/ui/text.cpp...
Compiling src/devices/bus/hp_dio/hp98643.cpp...
Compiling src/frontend/mame/ui/textbox.cpp...
Compiling src/mame/jpm/pl6_pic.cpp...
Compiling src/osd/modules/monitor/monitor_win32.cpp...
Compiling src/frontend/mame/ui/ui.cpp...
Compiling src/devices/bus/hp_dio/hp98644.cpp...
Compiling src/osd/modules/netdev/netdev_common.cpp...
Compiling src/devices/bus/hp_dio/hp_dio.cpp...
Compiling src/osd/modules/netdev/none.cpp...
Compiling src/devices/bus/hp_dio/human_interface.cpp...
Compiling src/osd/modules/netdev/pcap.cpp...
Compiling src/mame/jpm/pluto6.cpp...
Compiling src/devices/bus/hp_hil/hil_devices.cpp...
Compiling src/osd/modules/netdev/taptun.cpp...
Compiling src/devices/bus/hp_hil/hlebase.cpp...
Compiling src/devices/bus/hp_hil/hlekbd.cpp...
Compiling src/osd/modules/opengl/gl_shader_mgr.cpp...
Compiling src/devices/bus/hp_hil/hlemouse.cpp...
Compiling src/frontend/mame/ui/utils.cpp...
Compiling src/devices/bus/hp_hil/hp_hil.cpp...
Compiling src/osd/modules/opengl/gl_shader_tool.cpp...
Compiling src/devices/bus/ieee488/c2031.cpp...
Compiling src/mame/namco/md8412b_s23.cpp...
Compiling src/devices/bus/ieee488/c2040.cpp...
Compiling src/osd/modules/osdwindow.cpp...
Compiling src/devices/bus/ieee488/c2040fdc.cpp...
Compiling src/mame/namco/namco_settings.cpp...
Compiling src/devices/bus/ieee488/c8050.cpp...
Compiling src/frontend/mame/ui/videoopt.cpp...
Compiling src/osd/modules/output/console.cpp...
Compiling src/frontend/mame/ui/viewgfx.cpp...
Compiling src/osd/modules/output/network.cpp...
Compiling src/devices/bus/ieee488/c8050fdc.cpp...
Compiling src/mame/namco/namcos23.cpp...
Compiling src/devices/bus/ieee488/c8280.cpp...
Compiling src/frontend/mame/ui/widgets.cpp...
Archiving libfrontend.a...
Compiling src/emu/emumem_hedw2.cpp...
Compiling src/devices/bus/ieee488/d9060.cpp...
Compiling src/devices/bus/ieee488/grid2102.cpp...
Compiling src/devices/bus/ieee488/hardbox.cpp...
Compiling src/devices/bus/ieee488/hp9122c.cpp...
Compiling src/osd/modules/output/none.cpp...
Compiling src/devices/bus/ieee488/hp9133.cpp...
Compiling src/osd/modules/output/win32_output.cpp...
Compiling src/osd/modules/render/aviwrite.cpp...
Compiling src/devices/bus/ieee488/hp9895.cpp...
Compiling 3rdparty/utf8proc/utf8proc.c...
Compiling src/mame/namco/vpx3220a.cpp...
Compiling src/devices/bus/ieee488/ieee488.cpp...
Compiling src/osd/modules/render/bgfx/blendreader.cpp...
Compiling src/devices/bus/ieee488/remote488.cpp...
Archiving libutf8proc.a...
Compiling src/emu/emumem_hedw3.cpp...
Compiling src/devices/bus/ieee488/shark.cpp...
Compiling src/emu/emumem_hem.cpp...
Compiling src/osd/modules/render/bgfx/chain.cpp...
Compiling src/devices/bus/ieee488/softbox.cpp...
Compiling src/osd/modules/render/bgfx/chainentry.cpp...
Compiling src/devices/bus/isa/3c503.cpp...
Compiling src/osd/modules/render/bgfx/chainentryreader.cpp...
Compiling src/osd/modules/render/bgfx/chainmanager.cpp...
Compiling src/devices/bus/isa/3c505.cpp...
Archiving libmame_upcheck.a...
Compiling src/emu/emumem_hep.cpp...
Compiling src/osd/modules/render/bgfx/chainreader.cpp...
Compiling src/emu/emumem_het.cpp...
Compiling src/devices/bus/isa/3xtwin.cpp...
Compiling src/osd/modules/render/bgfx/clear.cpp...
Compiling src/emu/emumem_heu.cpp...
Compiling src/devices/bus/isa/5080pa.cpp...
Compiling src/osd/modules/render/bgfx/clearreader.cpp...
Compiling src/emu/emumem_heun.cpp...
Compiling src/devices/bus/isa/acb2072.cpp...
Compiling src/devices/bus/isa/adlib.cpp...
Compiling src/osd/modules/render/bgfx/cullreader.cpp...
Compiling src/osd/modules/render/bgfx/depthreader.cpp...
Compiling src/emu/emumem_hws.cpp...
Compiling src/devices/bus/isa/aga.cpp...
Compiling src/osd/modules/render/bgfx/effect.cpp...
Compiling src/osd/modules/render/bgfx/effectmanager.cpp...
Compiling src/devices/bus/isa/aha1542b.cpp...
Compiling src/osd/modules/render/bgfx/effectreader.cpp...
Compiling src/emu/emumem_mud.cpp...
Compiling src/devices/bus/isa/aha1542c.cpp...
Compiling src/emu/emumem_mview.cpp...
Compiling src/osd/modules/render/bgfx/entryuniformreader.cpp...
Compiling src/devices/bus/isa/aha174x.cpp...
Compiling src/osd/modules/render/bgfx/frameparameter.cpp...
Compiling src/emu/emuopts.cpp...
Compiling src/osd/modules/render/bgfx/inputpair.cpp...
Compiling src/devices/bus/isa/amgda.cpp...
Compiling src/devices/bus/isa/asc88.cpp...
Compiling src/osd/modules/render/bgfx/paramreader.cpp...
Compiling src/devices/bus/isa/bblue2.cpp...
Compiling src/emu/emupal.cpp...
Compiling src/osd/modules/render/bgfx/paramuniform.cpp...
Compiling src/devices/bus/isa/bt54x.cpp...
Compiling src/osd/modules/render/bgfx/paramuniformreader.cpp...
Compiling src/emu/fileio.cpp...
Compiling src/devices/bus/isa/cga.cpp...
Compiling src/osd/modules/render/bgfx/shadermanager.cpp...
Compiling src/emu/hashfile.cpp...
Compiling src/emu/http.cpp...
Compiling src/osd/modules/render/bgfx/slider.cpp...
Compiling src/osd/modules/render/bgfx/sliderreader.cpp...
Compiling src/devices/bus/isa/chessmdr.cpp...
Compiling src/osd/modules/render/bgfx/slideruniform.cpp...
Compiling src/devices/bus/isa/chessmsr.cpp...
Compiling src/osd/modules/render/bgfx/slideruniformreader.cpp...
Compiling src/osd/modules/render/bgfx/statereader.cpp...
Compiling src/emu/image.cpp...
Compiling src/devices/bus/isa/cl_sh260.cpp...
Compiling src/devices/bus/isa/com.cpp...
Compiling src/emu/input.cpp...
Compiling src/osd/modules/render/bgfx/suppressor.cpp...
Compiling src/devices/bus/isa/dcb.cpp...
Compiling src/osd/modules/render/bgfx/suppressorreader.cpp...
Compiling src/devices/bus/isa/dectalk.cpp...
Compiling src/osd/modules/render/bgfx/target.cpp...
Compiling src/emu/inputdev.cpp...
Compiling src/devices/bus/isa/dsi32.cpp...
Compiling src/emu/ioport.cpp...
Compiling src/devices/bus/isa/ega.cpp...
Compiling src/osd/modules/render/bgfx/targetmanager.cpp...
Compiling src/devices/bus/isa/eidemax.cpp...
Compiling src/emu/machine.cpp...
Compiling src/devices/bus/isa/eis_hgb107x.cpp...
Compiling src/osd/modules/render/bgfx/targetreader.cpp...
Compiling src/devices/bus/isa/eis_sad8852.cpp...
Compiling src/devices/bus/isa/eis_twib.cpp...
Compiling src/osd/modules/render/bgfx/texture.cpp...
Compiling src/emu/main.cpp...
Compiling src/devices/bus/isa/ex1280.cpp...
Compiling src/osd/modules/render/bgfx/texturemanager.cpp...
Compiling src/devices/bus/isa/fdc.cpp...
Compiling src/osd/modules/render/bgfx/timeparameter.cpp...
Compiling src/emu/mconfig.cpp...
Compiling src/devices/bus/isa/fddda.cpp...
Compiling src/devices/bus/isa/finalchs.cpp...
Compiling src/osd/modules/render/bgfx/uniform.cpp...
Compiling src/osd/modules/render/bgfx/uniformreader.cpp...
Compiling src/emu/memarray.cpp...
Compiling src/devices/bus/isa/gblaster.cpp...
Compiling src/emu/natkeyboard.cpp...
Compiling src/osd/modules/render/bgfx/valueuniform.cpp...
Compiling src/devices/bus/isa/gus.cpp...
Compiling src/emu/network.cpp...
Compiling src/devices/bus/isa/hdc.cpp...
Compiling src/osd/modules/render/bgfx/valueuniformreader.cpp...
Compiling src/devices/bus/isa/hpblp.cpp...
Compiling src/devices/bus/isa/ibm_mfc.cpp...
Compiling src/osd/modules/render/bgfx/vectorrenderer.cpp...
Compiling src/devices/bus/isa/ibm_speech.cpp...
Compiling src/osd/modules/render/bgfx/view.cpp...
Compiling src/emu/output.cpp...
Compiling src/emu/parameters.cpp...
Compiling src/devices/bus/isa/ide.cpp...
Compiling src/emu/profiler.cpp...
Compiling src/osd/modules/render/bgfx/writereader.cpp...
Compiling src/osd/modules/render/bgfxutil.cpp...
Compiling src/osd/modules/render/binpacker.cpp...
Compiling src/devices/bus/isa/isa.cpp...
Compiling src/osd/modules/render/draw13.cpp...
Compiling src/devices/bus/isa/isa_cards.cpp...
Compiling src/emu/recording.cpp...
Compiling src/devices/bus/isa/lbaenhancer.cpp...
Compiling src/emu/render.cpp...
Compiling src/osd/modules/render/drawbgfx.cpp...
Compiling src/emu/rendfont.cpp...
Compiling src/osd/modules/render/drawgdi.cpp...
Compiling src/devices/bus/isa/lpt.cpp...
Compiling src/osd/modules/render/drawnone.cpp...
Compiling src/devices/bus/isa/lrk330.cpp...
Compiling src/osd/modules/render/drawogl.cpp...
Compiling src/devices/bus/isa/mc1502_fdc.cpp...
Compiling src/emu/rendlay.cpp...
Compiling src/osd/modules/render/drawsdl.cpp...
Compiling src/devices/bus/isa/mc1502_rom.cpp...
Compiling src/devices/bus/isa/mcd.cpp...
Compiling src/osd/modules/render/drawsdl3accel.cpp...
Compiling src/emu/rendutil.cpp...
Compiling src/devices/bus/isa/mda.cpp...
Compiling src/osd/modules/render/drawsdl3soft.cpp...
Compiling src/devices/bus/isa/mpu401.cpp...
Compiling src/emu/resampler.cpp...
Compiling src/devices/bus/isa/mufdc.cpp...
Compiling src/emu/romentry.cpp...
Compiling src/emu/romload.cpp...
Compiling src/osd/modules/sound/coreaudio_sound.cpp...
Compiling src/devices/bus/isa/myb3k_com.cpp...
Compiling src/osd/modules/sound/js_sound.cpp...
Compiling src/devices/bus/isa/myb3k_fdc.cpp...
Compiling src/emu/save.cpp...
Compiling src/devices/bus/isa/ncr53c400.cpp...
Compiling src/osd/modules/sound/mmdevice_helpers.cpp...
Compiling src/emu/schedule.cpp...
../../../../../src/emu/schedule.cpp:534:3: warning: 'timer_set' is deprecated: timer_set is deprecated; please avoid anonymous timers. Use an allocated emu_timer instead. [-Wdeprecated-declarations]
  534 |                 timer_set(after, timer_expired_delegate(FUNC(device_scheduler::timed_trigger), this), trigid);
      |                 ^
In file included from ../../../../../src/emu/schedule.cpp:1:
In file included from /Users/timdoug/mame0289s/mame/build/projects/sdl3/mameupcheck/gmake-osx-clang/../../../../../src/emu/emu.h:74:
/Users/timdoug/mame0289s/mame/build/projects/sdl3/mameupcheck/gmake-osx-clang/../../../../../src/emu/schedule.h:125:4: note: 'timer_set' has been explicitly marked deprecated here
  125 |         [[deprecated("timer_set is deprecated; please avoid anonymous timers. Use an allocated emu_timer instead.")]]
      |           ^
Compiling src/devices/bus/isa/ne1000.cpp...
Compiling src/osd/modules/sound/none.cpp...
Compiling src/devices/bus/isa/ne2000.cpp...
1 warning generated.
Compiling src/osd/modules/sound/pa_sound.cpp...
Compiling src/emu/screen.cpp...
Compiling src/devices/bus/isa/np600.cpp...
Compiling src/emu/screen_svg.cpp...
Compiling src/devices/bus/isa/num9rev.cpp...
Compiling src/devices/bus/isa/omti8621.cpp...
Compiling src/osd/modules/sound/pipewire_sound.cpp...
Compiling src/devices/bus/isa/opus_pm.cpp...
Compiling src/emu/softlist.cpp...
Compiling src/emu/softlist_dev.cpp...
Compiling src/devices/bus/isa/p1_fdc.cpp...
Compiling src/emu/sound.cpp...
Compiling src/devices/bus/isa/p1_hdc.cpp...
Compiling src/osd/modules/sound/pulse_sound.cpp...
Compiling src/devices/bus/isa/p1_rom.cpp...
Compiling src/emu/speaker.cpp...
Compiling src/emu/tilemap.cpp...
Compiling src/osd/modules/sound/sdl3_sound.cpp...
Compiling src/devices/bus/isa/p1_sound.cpp...
Compiling src/emu/uiinput.cpp...
Compiling src/osd/modules/sound/sdl_sound.cpp...
Compiling src/osd/modules/sound/sound_module.cpp...
Compiling src/emu/validity.cpp...
Compiling src/devices/bus/isa/pc1640_iga.cpp...
Compiling src/emu/vector.cpp...
Compiling src/osd/modules/sound/wasapi_sound.cpp...
Compiling src/emu/video.cpp...
Compiling src/devices/bus/isa/pcat512me.cpp...
Compiling src/emu/video/generic.cpp...
Compiling src/devices/bus/isa/pcmidi.cpp...
Compiling src/emu/video/resnet.cpp...
Compiling src/devices/bus/isa/pd32.cpp...
Compiling src/osd/modules/sound/xaudio2_sound.cpp...
Compiling src/devices/bus/isa/pds.cpp...
Compiling src/osd/sdl3/osdsdl.cpp...
Compiling src/emu/video/rgbutil.cpp...
Compiling src/devices/bus/isa/pega1a.cpp...
Compiling src/emu/xtal.cpp...
Compiling src/devices/bus/isa/pgc.cpp...
Compiling src/osd/sdl3/sdlmain.cpp...
Compiling src/devices/bus/isa/prose4k1.cpp...
Compiling src/osd/sdl3/sdlopts.cpp...
Compiling src/devices/bus/isa/sb16.cpp...
Compiling src/devices/bus/isa/sblaster.cpp...
Compiling src/osd/sdl3/video.cpp...
Compiling src/devices/bus/isa/sc499.cpp...
Compiling src/osd/sdl3/window.cpp...
Archiving libemu.a...
Compiling src/osd/watchdog.cpp...
Compiling src/devices/bus/isa/side116.cpp...
Compiling src/devices/bus/isa/ssi2001.cpp...
Compiling src/devices/bus/isa/stereo_fx.cpp...
Compiling src/devices/bus/isa/svga_cirrus.cpp...
Compiling src/devices/bus/isa/svga_paradise.cpp...
Compiling src/devices/bus/isa/svga_s3.cpp...
Compiling src/devices/bus/isa/svga_trident.cpp...
Compiling src/devices/bus/isa/svga_tseng.cpp...
Compiling src/devices/bus/isa/tekram_dc820.cpp...
Compiling src/devices/bus/isa/tiga_spea.cpp...
Compiling src/devices/bus/isa/ubpnic.cpp...
Compiling src/devices/bus/isa/ultra12f.cpp...
Compiling src/devices/bus/isa/ultra14f.cpp...
Compiling src/devices/bus/isa/ultra24f.cpp...
Compiling src/devices/bus/isa/vga.cpp...
Compiling src/devices/bus/isa/vga_ati.cpp...
Compiling src/devices/bus/isa/wd1002a_wx1.cpp...
Compiling src/devices/bus/isa/wd1007a.cpp...
Archiving libosd_sdl3.a...
Compiling src/devices/bus/isa/wdxt_gen.cpp...
Compiling src/devices/bus/isa/wss.cpp...
Compiling src/devices/bus/isa/xsu_cards.cpp...
Compiling src/devices/bus/isa/xtide.cpp...
Compiling src/devices/bus/isa/zxbus_adapter.cpp...
Compiling src/devices/bus/jvs/cyberlead.cpp...
Compiling src/devices/bus/jvs/jvs.cpp...
Compiling src/devices/bus/jvs/jvshle.cpp...
Compiling src/devices/bus/jvs/namcoio.cpp...
Compiling src/devices/bus/macpds/hyperdrive.cpp...
Compiling src/devices/bus/macpds/macpds.cpp...
Compiling src/devices/bus/macpds/pds_tpdfpd.cpp...
Compiling src/devices/bus/midi/midi.cpp...
Compiling src/devices/bus/midi/midiinport.cpp...
Compiling src/devices/bus/midi/midioutport.cpp...
Compiling src/devices/bus/nscsi/applecd.cpp...
Compiling src/devices/bus/nscsi/cd.cpp...
Compiling src/devices/bus/nscsi/cdd2000.cpp...
Compiling src/devices/bus/nscsi/cdrn820s.cpp...
Compiling src/devices/bus/nscsi/cdu415.cpp...
Compiling src/devices/bus/nscsi/cdu561.cpp...
Compiling src/devices/bus/nscsi/cdu75s.cpp...
Compiling src/devices/bus/nscsi/cfp1080s.cpp...
Compiling src/devices/bus/nscsi/crd254sh.cpp...
Compiling src/devices/bus/nscsi/cw7501.cpp...
Compiling src/devices/bus/nscsi/devices.cpp...
Compiling src/devices/bus/nscsi/dtc510.cpp...
Compiling src/devices/bus/nscsi/et532.cpp...
Compiling src/devices/bus/nscsi/hd.cpp...
Compiling src/devices/bus/nscsi/pc8801_30.cpp...
Compiling src/devices/bus/nscsi/pc98_hd.cpp...
Compiling src/devices/bus/nscsi/s1410.cpp...
Compiling src/devices/bus/nscsi/sa1403d.cpp...
Compiling src/devices/bus/nscsi/smoc501.cpp...
Compiling src/devices/bus/nscsi/tape.cpp...
Compiling src/devices/bus/nubus/8lc.cpp...
Compiling src/devices/bus/nubus/bootbug.cpp...
Compiling src/devices/bus/nubus/cards.cpp...
Compiling src/devices/bus/nubus/enetlc.cpp...
Compiling src/devices/bus/nubus/enetnbtp.cpp...
Compiling src/devices/bus/nubus/laserview.cpp...
Compiling src/devices/bus/nubus/nubus.cpp...
Compiling src/devices/bus/nubus/nubus_48gc.cpp...
Compiling src/devices/bus/nubus/nubus_asntmc3b.cpp...
Compiling src/devices/bus/nubus/nubus_cb264.cpp...
Compiling src/devices/bus/nubus/nubus_image.cpp...
Compiling src/devices/bus/nubus/nubus_m2hires.cpp...
Compiling src/devices/bus/nubus/nubus_m2video.cpp...
Compiling src/devices/bus/nubus/nubus_radiustpd.cpp...
Compiling src/devices/bus/nubus/nubus_spec8.cpp...
Compiling src/devices/bus/nubus/nubus_specpdq.cpp...
Compiling src/devices/bus/nubus/nubus_vikbw.cpp...
Compiling src/devices/bus/nubus/pds30_30hr.cpp...
Compiling src/devices/bus/nubus/pds30_cb264.cpp...
Compiling src/devices/bus/nubus/pds30_procolor816.cpp...
Compiling src/devices/bus/nubus/pwrbkduo/cards.cpp...
Compiling src/devices/bus/nubus/pwrbkduo/duodock.cpp...
Compiling src/devices/bus/nubus/pwrbkduo/ethernetudock.cpp...
Compiling src/devices/bus/nubus/pwrbkduo/floppydock.cpp...
Compiling src/devices/bus/nubus/pwrbkduo/pwrbkduo.cpp...
Compiling src/devices/bus/nubus/quadralink.cpp...
Compiling src/devices/bus/nubus/supermac.cpp...
Compiling src/devices/bus/nubus/thunder4gx.cpp...
Compiling src/devices/bus/pc_joy/pc_joy.cpp...
Compiling src/devices/bus/pc_joy/pc_joy_magnum6.cpp...
Compiling src/devices/bus/pc_joy/pc_joy_sw.cpp...
Compiling src/devices/bus/pci/aha2940au.cpp...
Compiling src/devices/bus/pci/audiowerk2.cpp...
Compiling src/devices/bus/pci/clgd543x_alpine.cpp...
Compiling src/devices/bus/pci/clgd5446.cpp...
Compiling src/devices/bus/pci/clgd546x_laguna.cpp...
Compiling src/devices/bus/pci/cmi8738.cpp...
Compiling src/devices/bus/pci/cs4281.cpp...
Compiling src/devices/bus/pci/ds2416.cpp...
Compiling src/devices/bus/pci/ess_maestro.cpp...
Compiling src/devices/bus/pci/geforce.cpp...
Compiling src/devices/bus/pci/mga2064w.cpp...
Compiling src/devices/bus/pci/ncr53c825.cpp...
Compiling src/devices/bus/pci/neon250.cpp...
Compiling src/devices/bus/pci/opti82c861.cpp...
Compiling src/devices/bus/pci/oti_spitfire.cpp...
Compiling src/devices/bus/pci/pci_slot.cpp...
Compiling src/devices/bus/pci/pdc20262.cpp...
Compiling src/devices/bus/pci/permedia2.cpp...
Compiling src/devices/bus/pci/promotion.cpp...
Compiling src/devices/bus/pci/riva128.cpp...
Compiling src/devices/bus/pci/rivatnt.cpp...
Compiling src/devices/bus/pci/rtl8029as_pci.cpp...
Compiling src/devices/bus/pci/rtl8139_pci.cpp...
Compiling src/devices/bus/pci/sis6326.cpp...
Compiling src/devices/bus/pci/sonicvibes.cpp...
Compiling src/devices/bus/pci/sw1000xg.cpp...
Compiling src/devices/bus/pci/trident_4dwavedx.cpp...
Compiling src/devices/bus/pci/trio_pci.cpp...
Compiling src/devices/bus/pci/virge_pci.cpp...
Compiling src/devices/bus/pci/vision.cpp...
Compiling src/devices/bus/pci/vt6306.cpp...
Compiling src/devices/bus/pci/wd9710_pci.cpp...
Compiling src/devices/bus/pci/ymf740c.cpp...
Compiling src/devices/bus/pci/ymp21.cpp...
Compiling src/devices/bus/pci/zr36057.cpp...
Compiling src/devices/bus/pet/2joysnd.cpp...
Compiling src/devices/bus/pet/64k.cpp...
Compiling src/devices/bus/pet/c2n.cpp...
Compiling src/devices/bus/pet/cass.cpp...
Compiling src/devices/bus/pet/cb2snd.cpp...
Compiling src/devices/bus/pet/diag.cpp...
Compiling src/devices/bus/pet/diag264_lb_tape.cpp...
Compiling src/devices/bus/pet/exp.cpp...
Compiling src/devices/bus/pet/hsg.cpp...
Compiling src/devices/bus/pet/petuja.cpp...
Compiling src/devices/bus/pet/superpet.cpp...
Compiling src/devices/bus/pet/user.cpp...
Compiling src/devices/bus/rs232/adsp2181ekl.cpp...
Compiling src/devices/bus/rs232/auto3a.cpp...
Compiling src/devices/bus/rs232/exorterm.cpp...
Compiling src/devices/bus/rs232/heath_h19.cpp...
Compiling src/devices/bus/rs232/hlemouse.cpp...
Compiling src/devices/bus/rs232/ie15.cpp...
Compiling src/devices/bus/rs232/keyboard.cpp...
Compiling src/devices/bus/rs232/loopback.cpp...
Compiling src/devices/bus/rs232/mboardd.cpp...
Compiling src/devices/bus/rs232/nss_tvinterface.cpp...
Compiling src/devices/bus/rs232/null_modem.cpp...
Compiling src/devices/bus/rs232/patchbox.cpp...
Compiling src/devices/bus/rs232/printer.cpp...
Compiling src/devices/bus/rs232/pty.cpp...
Compiling src/devices/bus/rs232/rs232.cpp...
Compiling src/devices/bus/rs232/rs232_sync_io.cpp...
Compiling src/devices/bus/rs232/s97801.cpp...
Compiling src/devices/bus/rs232/scorpion.cpp...
Compiling src/devices/bus/rs232/sun_kbd.cpp...
Compiling src/devices/bus/rs232/swtpc8212.cpp...
Compiling src/devices/bus/rs232/teletex800.cpp...
Compiling src/devices/bus/rs232/terminal.cpp...
Compiling src/devices/bus/rs232/votraxtnt.cpp...
Compiling src/devices/bus/rs232/xvd701.cpp...
Compiling src/devices/bus/scsi/acb4070.cpp...
Compiling src/devices/bus/scsi/cdu76s.cpp...
Compiling src/devices/bus/scsi/d9060hd.cpp...
Compiling src/devices/bus/scsi/omti5100.cpp...
Compiling src/devices/bus/scsi/s1410.cpp...
Compiling src/devices/bus/scsi/sa1403d.cpp...
Compiling src/devices/bus/scsi/scsi.cpp...
Compiling src/devices/bus/scsi/scsicd.cpp...
Compiling src/devices/bus/scsi/scsicd512.cpp...
Compiling src/devices/bus/scsi/scsihd.cpp...
Compiling src/devices/bus/scsi/scsihle.cpp...
Compiling src/devices/bus/spectrum/zxbus/bus.cpp...
Compiling src/devices/bus/spectrum/zxbus/nemoide.cpp...
Compiling src/devices/bus/spectrum/zxbus/neogs.cpp...
Compiling src/devices/bus/spectrum/zxbus/smuc.cpp...
Compiling src/devices/bus/sunkbd/hlekbd.cpp...
Compiling src/devices/bus/sunkbd/sunkbd.cpp...
Compiling src/devices/bus/vcs_ctrl/c1350.cpp...
Compiling src/devices/bus/vcs_ctrl/ctrl.cpp...
Compiling src/devices/bus/vcs_ctrl/cx85.cpp...
Compiling src/devices/bus/vcs_ctrl/joybooster.cpp...
Compiling src/devices/bus/vcs_ctrl/joystick.cpp...
Compiling src/devices/bus/vcs_ctrl/keypad.cpp...
Compiling src/devices/bus/vcs_ctrl/lightgun.cpp...
Compiling src/devices/bus/vcs_ctrl/lightpen.cpp...
Compiling src/devices/bus/vcs_ctrl/paddles.cpp...
Compiling src/devices/bus/vcs_ctrl/trakball.cpp...
Compiling src/devices/bus/vcs_ctrl/wheel.cpp...
Compiling src/devices/bus/vic20/4cga.cpp...
Compiling src/devices/bus/vic20/exp.cpp...
Compiling src/devices/bus/vic20/fe3.cpp...
Compiling src/devices/bus/vic20/megacart.cpp...
Compiling src/devices/bus/vic20/speakeasy.cpp...
Compiling src/devices/bus/vic20/std.cpp...
Compiling src/devices/bus/vic20/user.cpp...
Compiling src/devices/bus/vic20/vfp.cpp...
Compiling src/devices/bus/vic20/vic1010.cpp...
Compiling src/devices/bus/vic20/vic1011.cpp...
Compiling src/devices/bus/vic20/vic1110.cpp...
Compiling src/devices/bus/vic20/vic1111.cpp...
Compiling src/devices/bus/vic20/vic1112.cpp...
Compiling src/devices/bus/vic20/vic1210.cpp...
Compiling src/devices/bus/vic20/videopak.cpp...
Compiling src/devices/cpu/adsp2100/adsp2100.cpp...
Compiling src/devices/cpu/arm7/ap2010cpu.cpp...
Compiling src/devices/cpu/arm7/arm7.cpp...
Compiling src/devices/cpu/arm7/arm7ops.cpp...
Compiling src/devices/cpu/arm7/arm7thmb.cpp...
Compiling src/devices/cpu/arm7/lpc210x.cpp...
Compiling src/devices/cpu/arm7/upd800468.cpp...
Compiling src/devices/cpu/avr8/avr8.cpp...
Compiling src/devices/cpu/drcbearm64.cpp...
Compiling src/devices/cpu/drcbec.cpp...
Compiling src/devices/cpu/drcbeut.cpp...
Compiling src/devices/cpu/drcbex64.cpp...
Compiling src/devices/cpu/drccache.cpp...
Compiling src/devices/cpu/drcuml.cpp...
Compiling src/devices/cpu/f2mc16/f2mc16.cpp...
Compiling src/devices/cpu/f2mc16/f2mc16_adc.cpp...
Compiling src/devices/cpu/f2mc16/f2mc16_clock.cpp...
Compiling src/devices/cpu/f2mc16/f2mc16_intc.cpp...
Compiling src/devices/cpu/f2mc16/f2mc16_port.cpp...
Compiling src/devices/cpu/f2mc16/f2mc16_ppg.cpp...
Compiling src/devices/cpu/f2mc16/f2mc16_reload.cpp...
Compiling src/devices/cpu/f2mc16/f2mc16_uart.cpp...
Compiling src/devices/cpu/f2mc16/mb90570.cpp...
Compiling src/devices/cpu/f2mc16/mb90610a.cpp...
Compiling src/devices/cpu/f2mc16/mb90640a.cpp...
Compiling src/devices/cpu/fr/fr.cpp...
Compiling src/devices/cpu/h8/c77.cpp...
Compiling src/devices/cpu/h8/gt913.cpp...
Compiling src/devices/cpu/h8/gt913_timer.cpp...
Compiling src/devices/cpu/h8/h8.cpp...
Compiling src/devices/cpu/h8/h83002.cpp...
Compiling src/devices/cpu/h8/h83003.cpp...
Compiling src/devices/cpu/h8/h83006.cpp...
Compiling src/devices/cpu/h8/h83008.cpp...
Compiling src/devices/cpu/h8/h83032.cpp...
Compiling src/devices/cpu/h8/h83042.cpp...
Compiling src/devices/cpu/h8/h83048.cpp...
Compiling src/devices/cpu/h8/h83217.cpp...
Compiling src/devices/cpu/h8/h8325.cpp...
Compiling src/devices/cpu/h8/h83337.cpp...
Compiling src/devices/cpu/h8/h8_adc.cpp...
Compiling src/devices/cpu/h8/h8_dma.cpp...
Compiling src/devices/cpu/h8/h8_dtc.cpp...
Compiling src/devices/cpu/h8/h8_intc.cpp...
Compiling src/devices/cpu/h8/h8_port.cpp...
Compiling src/devices/cpu/h8/h8_refresh.cpp...
Compiling src/devices/cpu/h8/h8_sci.cpp...
Compiling src/devices/cpu/h8/h8_timer16.cpp...
Compiling src/devices/cpu/h8/h8_timer8.cpp...
Compiling src/devices/cpu/h8/h8_watchdog.cpp...
Compiling src/devices/cpu/h8/h8h.cpp...
Compiling src/devices/cpu/h8/h8s2000.cpp...
Compiling src/devices/cpu/h8/h8s2245.cpp...
Compiling src/devices/cpu/h8/h8s2319.cpp...
Compiling src/devices/cpu/h8/h8s2329.cpp...
Compiling src/devices/cpu/h8/h8s2357.cpp...
Compiling src/devices/cpu/h8/h8s2600.cpp...
Compiling src/devices/cpu/h8/h8s2655.cpp...
Compiling src/devices/cpu/h8/swx00.cpp...
Compiling src/devices/cpu/hpc/hpc.cpp...
Compiling src/devices/cpu/i386/athlon.cpp...
Compiling src/devices/cpu/i386/i386.cpp...
Compiling src/devices/cpu/i8085/i8085.cpp...
Compiling src/devices/cpu/i86/i186.cpp...
Compiling src/devices/cpu/i86/i286.cpp...
Compiling src/devices/cpu/i86/i86.cpp...
Compiling src/devices/cpu/ie15/ie15.cpp...
Compiling src/devices/cpu/m37710/m37710.cpp...
Compiling src/devices/cpu/m37710/m37710o0.cpp...
Compiling src/devices/cpu/m37710/m37710o1.cpp...
Compiling src/devices/cpu/m37710/m37710o2.cpp...
Compiling src/devices/cpu/m37710/m37710o3.cpp...
Compiling src/devices/cpu/m6502/deco16.cpp...
Compiling src/devices/cpu/m6502/g65sc02.cpp...
Compiling src/devices/cpu/m6502/gew12.cpp...
Compiling src/devices/cpu/m6502/gew7.cpp...
Compiling src/devices/cpu/m6502/m3745x.cpp...
Compiling src/devices/cpu/m6502/m37640.cpp...
Compiling src/devices/cpu/m6502/m4510.cpp...
Compiling src/devices/cpu/m6502/m50734.cpp...
Compiling src/devices/cpu/m6502/m5074x.cpp...
Compiling src/devices/cpu/m6502/m6500_1.cpp...
Compiling src/devices/cpu/m6502/m6502.cpp...
Compiling src/devices/cpu/m6502/m6503.cpp...
Compiling src/devices/cpu/m6502/m6504.cpp...
Compiling src/devices/cpu/m6502/m6507.cpp...
Compiling src/devices/cpu/m6502/m6509.cpp...
Compiling src/devices/cpu/m6502/m6510.cpp...
Compiling src/devices/cpu/m6502/m6510t.cpp...
Compiling src/devices/cpu/m6502/m65ce02.cpp...
Compiling src/devices/cpu/m6502/m740.cpp...
Compiling src/devices/cpu/m6502/m7501.cpp...
Compiling src/devices/cpu/m6502/m8502.cpp...
Compiling src/devices/cpu/m6502/r65c02.cpp...
Compiling src/devices/cpu/m6502/r65c19.cpp...
Compiling src/devices/cpu/m6502/rp2a03.cpp...
Compiling src/devices/cpu/m6502/w65816.cpp...
Compiling src/devices/cpu/m6502/w65c02.cpp...
Compiling src/devices/cpu/m6502/w65c02s.cpp...
Compiling src/devices/cpu/m6800/m6800.cpp...
Compiling src/devices/cpu/m6800/m6801.cpp...
Compiling src/devices/cpu/m68000/fscpu32.cpp...
Compiling src/devices/cpu/m68000/m68000-decode.cpp...
Compiling src/devices/cpu/m68000/m68000-sdf.cpp...
Compiling src/devices/cpu/m68000/m68000-sdp.cpp...
Compiling src/devices/cpu/m68000/m68000-sif.cpp...
Compiling src/devices/cpu/m68000/m68000-sip.cpp...
Compiling src/devices/cpu/m68000/m68000.cpp...
Compiling src/devices/cpu/m68000/m68000mcu-sdfm.cpp...
Compiling src/devices/cpu/m68000/m68000mcu-sdpm.cpp...
Compiling src/devices/cpu/m68000/m68000mcu-sifm.cpp...
Compiling src/devices/cpu/m68000/m68000mcu-sipm.cpp...
Compiling src/devices/cpu/m68000/m68000mcu.cpp...
Compiling src/devices/cpu/m68000/m68000musashi.cpp...
Compiling src/devices/cpu/m68000/m68008-sdf8.cpp...
Compiling src/devices/cpu/m68000/m68008-sdp8.cpp...
Compiling src/devices/cpu/m68000/m68008-sif8.cpp...
Compiling src/devices/cpu/m68000/m68008-sip8.cpp...
Compiling src/devices/cpu/m68000/m68008.cpp...
Compiling src/devices/cpu/m68000/m68010.cpp...
Compiling src/devices/cpu/m68000/m68020.cpp...
Compiling src/devices/cpu/m68000/m68030.cpp...
Compiling src/devices/cpu/m68000/m68040.cpp...
Compiling src/devices/cpu/m68000/m68kcommon.cpp...
Compiling src/devices/cpu/m68000/m68kcpu.cpp...
Compiling src/devices/cpu/m68000/m68kfpu.cpp...
Compiling src/devices/cpu/m68000/m68kops.cpp...
Compiling src/devices/cpu/m68000/mcf5206e.cpp...
Compiling src/devices/cpu/m68000/scc68070.cpp...
Compiling src/devices/cpu/m68000/tmp68301.cpp...
Compiling src/devices/cpu/m6805/hd6305.cpp...
Compiling src/devices/cpu/m6805/m6805.cpp...
Compiling src/devices/cpu/m6805/m68705.cpp...
Compiling src/devices/cpu/m6805/m68hc05.cpp...
Compiling src/devices/cpu/m6805/m68hc05e1.cpp...
Compiling src/devices/cpu/m6805/m68hc05pge.cpp...
Compiling src/devices/cpu/m6809/hd6309.cpp...
Compiling src/devices/cpu/m6809/konami.cpp...
Compiling src/devices/cpu/m6809/m6809.cpp...
Compiling src/devices/cpu/m68hc16/cpu16.cpp...
Compiling src/devices/cpu/m68hc16/m68hc16z.cpp...
Compiling src/devices/cpu/mc68hc11/mc68hc11.cpp...
Compiling src/devices/cpu/mcs48/mcs48.cpp...
Compiling src/devices/cpu/mcs51/ds5002fp.cpp...
Compiling src/devices/cpu/mcs51/i8051.cpp...
Compiling src/devices/cpu/mcs51/i8052.cpp...
Compiling src/devices/cpu/mcs51/i80c51.cpp...
Compiling src/devices/cpu/mcs51/i80c52.cpp...
Compiling src/devices/cpu/mcs51/mcs51ops.cpp...
Compiling src/devices/cpu/mcs51/sab80c535.cpp...
Compiling src/devices/cpu/mips/mips3.cpp...
Compiling src/devices/cpu/mips/mips3com.cpp...
Compiling src/devices/cpu/mips/mips3drc.cpp...
Compiling src/devices/cpu/mips/mips3fe.cpp...
Compiling src/devices/cpu/mips/ps2vif1.cpp...
Compiling src/devices/cpu/mips/ps2vu.cpp...
Compiling src/devices/cpu/mips/r4000.cpp...
Compiling src/devices/cpu/nec/nec.cpp...
Compiling src/devices/cpu/nec/v25.cpp...
Compiling src/devices/cpu/nec/v25sfr.cpp...
Compiling src/devices/cpu/nec/v5x.cpp...
Compiling src/devices/cpu/ns32000/ns32000.cpp...
Compiling src/devices/cpu/pic16c5x/pic16c5x.cpp...
Compiling src/devices/cpu/powerpc/ppccom.cpp...
Compiling src/devices/cpu/powerpc/ppcdrc.cpp...
Compiling src/devices/cpu/powerpc/ppcfe.cpp...
Compiling src/devices/cpu/sh/sh.cpp...
../../../../../src/devices/cpu/sh/sh.cpp:140:3: warning: 'sprintf' is deprecated: This function is provided for compatibility reasons only.  Due to security concerns inherent in the design of sprintf(3), it is highly recommended that you use snprintf(3) instead. [-Wdeprecated-declarations]
  140 |                 sprintf(buf, "r%d", regnum);
      |                 ^
In file included from ../../../../../src/devices/cpu/sh/sh.cpp:1:
In file included from /Users/timdoug/mame0289s/mame/build/projects/sdl3/mameupcheck/gmake-osx-clang/../../../../../src/emu/emu.h:24:
In file included from /Applications/Xcode.app/Contents/Developer/Platforms/MacOSX.platform/Developer/SDKs/MacOSX.sdk/usr/include/c++/v1/list:205:
In file included from /Applications/Xcode.app/Contents/Developer/Platforms/MacOSX.platform/Developer/SDKs/MacOSX.sdk/usr/include/c++/v1/__algorithm/lexicographical_compare.h:30:
In file included from /Applications/Xcode.app/Contents/Developer/Platforms/MacOSX.platform/Developer/SDKs/MacOSX.sdk/usr/include/c++/v1/cwchar:118:
In file included from /Applications/Xcode.app/Contents/Developer/Platforms/MacOSX.platform/Developer/SDKs/MacOSX.sdk/usr/include/c++/v1/wchar.h:116:
In file included from /Applications/Xcode.app/Contents/Developer/Platforms/MacOSX.platform/Developer/SDKs/MacOSX.sdk/usr/include/wchar.h:67:
In file included from /Applications/Xcode.app/Contents/Developer/Platforms/MacOSX.platform/Developer/SDKs/MacOSX.sdk/usr/include/_wchar.h:91:
In file included from /Applications/Xcode.app/Contents/Developer/Platforms/MacOSX.platform/Developer/SDKs/MacOSX.sdk/usr/include/c++/v1/stdio.h:103:
In file included from /Applications/Xcode.app/Contents/Developer/Platforms/MacOSX.platform/Developer/SDKs/MacOSX.sdk/usr/include/stdio.h:61:
/Applications/Xcode.app/Contents/Developer/Platforms/MacOSX.platform/Developer/SDKs/MacOSX.sdk/usr/include/_stdio.h:278:1: note: 'sprintf' has been explicitly marked deprecated here
  278 | __deprecated_msg("This function is provided for compatibility reasons only.  Due to security concerns inherent in the design of sprintf(3), it is highly recommended that you use snprintf(3) instead.")
      | ^
In file included from ../../../../../src/devices/cpu/sh/sh.cpp:1:
In file included from /Users/timdoug/mame0289s/mame/build/projects/sdl3/mameupcheck/gmake-osx-clang/../../../../../src/emu/emu.h:22:
In file included from /Users/timdoug/mame0289s/mame/build/projects/sdl3/mameupcheck/gmake-osx-clang/../../../../../src/emu/emufwd.h:19:
In file included from /Applications/Xcode.app/Contents/Developer/Platforms/MacOSX.platform/Developer/SDKs/MacOSX.sdk/usr/include/c++/v1/type_traits:512:
In file included from /Applications/Xcode.app/Contents/Developer/Platforms/MacOSX.platform/Developer/SDKs/MacOSX.sdk/usr/include/c++/v1/__type_traits/is_trivially_copyable.h:14:
In file included from /Applications/Xcode.app/Contents/Developer/Platforms/MacOSX.platform/Developer/SDKs/MacOSX.sdk/usr/include/c++/v1/cstdint:149:
In file included from /Applications/Xcode.app/Contents/Developer/Platforms/MacOSX.platform/Developer/SDKs/MacOSX.sdk/usr/include/c++/v1/stdint.h:36:
In file included from /Applications/Xcode.app/Contents/Developer/Toolchains/XcodeDefault.xctoolchain/usr/lib/clang/21/include/stdint.h:56:
In file included from /Applications/Xcode.app/Contents/Developer/Platforms/MacOSX.platform/Developer/SDKs/MacOSX.sdk/usr/include/stdint.h:52:
In file included from /Applications/Xcode.app/Contents/Developer/Platforms/MacOSX.platform/Developer/SDKs/MacOSX.sdk/usr/include/sys/_types.h:32:
/Applications/Xcode.app/Contents/Developer/Platforms/MacOSX.platform/Developer/SDKs/MacOSX.sdk/usr/include/sys/cdefs.h:227:48: note: expanded from macro '__deprecated_msg'
  227 |         #define __deprecated_msg(_msg) __attribute__((__deprecated__(_msg)))
      |                                                       ^
Compiling src/devices/cpu/sh/sh2.cpp...
Compiling src/devices/cpu/sh/sh2fe.cpp...
Compiling src/devices/cpu/sh/sh3comn.cpp...
Compiling src/devices/cpu/sh/sh4.cpp...
1 warning generated.
Compiling src/devices/cpu/sh/sh4comn.cpp...
Compiling src/devices/cpu/sh/sh4dmac.cpp...
Compiling src/devices/cpu/sh/sh4fe.cpp...
Compiling src/devices/cpu/sh/sh4tmu.cpp...
Compiling src/devices/cpu/sh/sh7014.cpp...
Compiling src/devices/cpu/sh/sh7014_adc.cpp...
Compiling src/devices/cpu/sh/sh7014_bsc.cpp...
Compiling src/devices/cpu/sh/sh7014_dmac.cpp...
Compiling src/devices/cpu/sh/sh7014_intc.cpp...
Compiling src/devices/cpu/sh/sh7014_mtu.cpp...
Compiling src/devices/cpu/sh/sh7014_port.cpp...
Compiling src/devices/cpu/sh/sh7014_sci.cpp...
Compiling src/devices/cpu/sh/sh7014_wdt.cpp...
Compiling src/devices/cpu/sh/sh7021.cpp...
Compiling src/devices/cpu/sh/sh7032.cpp...
Compiling src/devices/cpu/sh/sh7042.cpp...
Compiling src/devices/cpu/sh/sh7604.cpp...
Compiling src/devices/cpu/sh/sh7604_bus.cpp...
Compiling src/devices/cpu/sh/sh7604_sci.cpp...
Compiling src/devices/cpu/sh/sh7604_wdt.cpp...
Compiling src/devices/cpu/sh/sh7709s.cpp...
Compiling src/devices/cpu/sh/sh_adc.cpp...
Compiling src/devices/cpu/sh/sh_bsc.cpp...
Compiling src/devices/cpu/sh/sh_cmt.cpp...
Compiling src/devices/cpu/sh/sh_dmac.cpp...
Compiling src/devices/cpu/sh/sh_fe.cpp...
Compiling src/devices/cpu/sh/sh_intc.cpp...
Compiling src/devices/cpu/sh/sh_mtu.cpp...
Compiling src/devices/cpu/sh/sh_port.cpp...
Compiling src/devices/cpu/sh/sh_sci.cpp...
Compiling src/devices/cpu/tms320c1x/tms320c1x.cpp...
Compiling src/devices/cpu/tms34010/tms34010.cpp...
Compiling src/devices/cpu/uml.cpp...
Compiling src/devices/cpu/upd7810/upd7810.cpp...
Compiling src/devices/cpu/upd7810/upd7810_opcodes.cpp...
Compiling src/devices/cpu/upd7810/upd7810_table.cpp...
Compiling src/devices/cpu/x86log.cpp...
Compiling src/devices/cpu/z8/z8.cpp...
Compiling src/devices/cpu/z80/ez80.cpp...
Compiling src/devices/cpu/z80/lz8420m.cpp...
Compiling src/devices/cpu/z80/mc8123.cpp...
Compiling src/devices/cpu/z80/nsc800.cpp...
Compiling src/devices/cpu/z80/r800.cpp...
Compiling src/devices/cpu/z80/t6a84.cpp...
Compiling src/devices/cpu/z80/tmpz84c011.cpp...
Compiling src/devices/cpu/z80/tmpz84c015.cpp...
Compiling src/devices/cpu/z80/z80.cpp...
Compiling src/devices/cpu/z80/z84c015.cpp...
Compiling src/devices/imagedev/avivideo.cpp...
Compiling src/devices/imagedev/bitbngr.cpp...
Compiling src/devices/imagedev/cartrom.cpp...
Compiling src/devices/imagedev/cassette.cpp...
Compiling src/devices/imagedev/cdromimg.cpp...
Compiling src/devices/imagedev/diablo.cpp...
Compiling src/devices/imagedev/flopdrv.cpp...
Compiling src/devices/imagedev/floppy.cpp...
Compiling src/devices/imagedev/harddriv.cpp...
Compiling src/devices/imagedev/magtape.cpp...
Compiling src/devices/imagedev/memcard.cpp...
Compiling src/devices/imagedev/mfmhd.cpp...
Compiling src/devices/imagedev/microdrv.cpp...
Compiling src/devices/imagedev/midiin.cpp...
Compiling src/devices/imagedev/midiout.cpp...
Compiling src/devices/imagedev/papertape.cpp...
Compiling src/devices/imagedev/picture.cpp...
Compiling src/devices/imagedev/printer.cpp...
Compiling src/devices/imagedev/simh_tape_image.cpp...
Compiling src/devices/imagedev/snapquik.cpp...
Compiling src/devices/imagedev/wafadrive.cpp...
Compiling src/devices/machine/64h156.cpp...
Compiling src/devices/machine/6522via.cpp...
Compiling src/devices/machine/6821pia.cpp...
Compiling src/devices/machine/6850acia.cpp...
Compiling src/devices/machine/7200fifo.cpp...
Compiling src/devices/machine/74259.cpp...
Compiling src/devices/machine/adbhost.cpp...
Compiling src/devices/machine/aic565.cpp...
Compiling src/devices/machine/aic580.cpp...
Compiling src/devices/machine/aic6250.cpp...
Compiling src/devices/machine/alpsdpg23.cpp...
Compiling src/devices/machine/am79c90.cpp...
Compiling src/devices/machine/am79c940.cpp...
Compiling src/devices/machine/am9517a.cpp...
Compiling src/devices/machine/applefdintf.cpp...
Compiling src/devices/machine/applepic.cpp...
Compiling src/devices/machine/atahle.cpp...
Compiling src/devices/machine/atastorage.cpp...
Compiling src/devices/machine/bankdev.cpp...
Compiling src/devices/machine/bcreader.cpp...
Compiling src/devices/machine/bitmap_printer.cpp...
Compiling src/devices/machine/buffer.cpp...
Compiling src/devices/machine/busmouse.cpp...
Compiling src/devices/machine/chessmachine.cpp...
Compiling src/devices/machine/citizen120d.cpp...
Compiling src/devices/machine/clock.cpp...
Compiling src/devices/machine/com52c50.cpp...
Compiling src/devices/machine/com8116.cpp...
Compiling src/devices/machine/corvushd.cpp...
Compiling src/devices/machine/cxd1185.cpp...
Compiling src/devices/machine/dimm_spd.cpp...
Compiling src/devices/machine/dp8390.cpp...
Compiling src/devices/machine/dp83932c.cpp...
Compiling src/devices/machine/ds1215.cpp...
Compiling src/devices/machine/ds128x.cpp...
Compiling src/devices/machine/ds17x85.cpp...
Compiling src/devices/machine/e05a03.cpp...
Compiling src/devices/machine/e05a30.cpp...
Compiling src/devices/machine/eeprom.cpp...
Compiling src/devices/machine/eeprompar.cpp...
Compiling src/devices/machine/eepromser.cpp...
Compiling src/devices/machine/fdc_pll.cpp...
Compiling src/devices/machine/gen_latch.cpp...
Compiling src/devices/machine/gt64xxx.cpp...
Compiling src/devices/machine/i2chle.cpp...
Compiling src/devices/machine/i2cmem.cpp...
Compiling src/devices/machine/i6300esb.cpp...
Compiling src/devices/machine/i7110.cpp...
Compiling src/devices/machine/i82355.cpp...
Compiling src/devices/machine/i82371eb_acpi.cpp...
Compiling src/devices/machine/i82371eb_ide.cpp...
Compiling src/devices/machine/i82371eb_isa.cpp...
Compiling src/devices/machine/i82371eb_usb.cpp...
Compiling src/devices/machine/i82371sb.cpp...
Compiling src/devices/machine/i82378zb_sio.cpp...
Compiling src/devices/machine/i82425ex_psc.cpp...
Compiling src/devices/machine/i82426ex_ib.cpp...
Compiling src/devices/machine/i82434lx_pcmc.cpp...
Compiling src/devices/machine/i82439hx.cpp...
Compiling src/devices/machine/i82439tx.cpp...
Compiling src/devices/machine/i82443bx_host.cpp...
Compiling src/devices/machine/i8251.cpp...
Compiling src/devices/machine/i82541.cpp...
Compiling src/devices/machine/i8255.cpp...
Compiling src/devices/machine/i82586.cpp...
Compiling src/devices/machine/i82875p.cpp...
Compiling src/devices/machine/i8291a.cpp...
Compiling src/devices/machine/idectrl.cpp...
Compiling src/devices/machine/ie15.cpp...
Compiling src/devices/machine/ie15_kbd.cpp...
Compiling src/devices/machine/input_merger.cpp...
Compiling src/devices/machine/ins8250.cpp...
Compiling src/devices/machine/intelfsh.cpp...
Compiling src/devices/machine/iwm.cpp...
Compiling src/devices/machine/keyboard.cpp...
Compiling src/devices/machine/laserdsc.cpp...
Compiling src/devices/machine/legscsi.cpp...
Compiling src/devices/machine/lpc-acpi.cpp...
Compiling src/devices/machine/lpc-pit.cpp...
Compiling src/devices/machine/lpc-rtc.cpp...
Compiling src/devices/machine/macseconds.cpp...
Compiling src/devices/machine/mb87030.cpp...
Compiling src/devices/machine/mb8795.cpp...
Compiling src/devices/machine/mb89363b.cpp...
Compiling src/devices/machine/mc146818.cpp...
Compiling src/devices/machine/mc68681.cpp...
Compiling src/devices/machine/mediagx_cs5530_bridge.cpp...
Compiling src/devices/machine/mediagx_cs5530_ide.cpp...
Compiling src/devices/machine/mediagx_cs5530_video.cpp...
Compiling src/devices/machine/mediagx_host.cpp...
Compiling src/devices/machine/mm5740.cpp...
Compiling src/devices/machine/mm74c922.cpp...
Compiling src/devices/machine/mos6526.cpp...
Compiling src/devices/machine/mos6530.cpp...
Compiling src/devices/machine/mpc106.cpp...
Compiling src/devices/machine/mpu401.cpp...
Compiling src/devices/machine/msm58321.cpp...
Compiling src/devices/machine/msm6242.cpp...
Compiling src/devices/machine/mv6436x.cpp...
Compiling src/devices/machine/mv_sonora.cpp...
Compiling src/devices/machine/ncr5380.cpp...
Compiling src/devices/machine/ncr53c90.cpp...
Compiling src/devices/machine/ns32081.cpp...
Compiling src/devices/machine/ns32082.cpp...
Compiling src/devices/machine/ns32202.cpp...
Compiling src/devices/machine/nscsi_bus.cpp...
Compiling src/devices/machine/nscsi_cb.cpp...
Compiling src/devices/machine/nscsi_hle.cpp...
Compiling src/devices/machine/nvram.cpp...
Compiling src/devices/machine/output_latch.cpp...
Compiling src/devices/machine/pc97338.cpp...
Compiling src/devices/machine/pc_lpt.cpp...
Compiling src/devices/machine/pcf8573.cpp...
Compiling src/devices/machine/pcf8583.cpp...
Compiling src/devices/machine/pci-apic.cpp...
Compiling src/devices/machine/pci-ide.cpp...
Compiling src/devices/machine/pci-sata.cpp...
Compiling src/devices/machine/pci-smbus.cpp...
Compiling src/devices/machine/pci-usb.cpp...
Compiling src/devices/machine/pci.cpp...
Compiling src/devices/machine/phi.cpp...
Compiling src/devices/machine/pic8259.cpp...
Compiling src/devices/machine/pit8253.cpp...
Compiling src/devices/machine/ps2intc.cpp...
Compiling src/devices/machine/pseudovia.cpp...
Compiling src/devices/machine/quadmouse.cpp...
Compiling src/devices/machine/ram.cpp...
Compiling src/devices/machine/rtc4543.cpp...
Compiling src/devices/machine/s97801.cpp...
Compiling src/devices/machine/s97801_kbd.cpp...
Compiling src/devices/machine/scn_pci.cpp...
Compiling src/devices/machine/sdlc.cpp...
Compiling src/devices/machine/sensorboard.cpp...
Compiling src/devices/machine/sis5513_ide.cpp...
Compiling src/devices/machine/sis630_gui.cpp...
Compiling src/devices/machine/sis630_host.cpp...
Compiling src/devices/machine/sis7001_usb.cpp...
Compiling src/devices/machine/sis7018_audio.cpp...
Compiling src/devices/machine/sis85c496.cpp...
Compiling src/devices/machine/sis900_eth.cpp...
Compiling src/devices/machine/sis950_acpi.cpp...
Compiling src/devices/machine/sis950_lpc.cpp...
Compiling src/devices/machine/sis950_smbus.cpp...
Compiling src/devices/machine/smartboard.cpp...
Compiling src/devices/machine/spi_sdcard.cpp...
Compiling src/devices/machine/steppers.cpp...
Compiling src/devices/machine/swim1.cpp...
Compiling src/devices/machine/swim2.cpp...
Compiling src/devices/machine/swim3.cpp...
Compiling src/devices/machine/swtpc8212.cpp...
Compiling src/devices/machine/t10mmc.cpp...
Compiling src/devices/machine/t10sbc.cpp...
Compiling src/devices/machine/t10spc.cpp...
Compiling src/devices/machine/terminal.cpp...
Compiling src/devices/machine/timer.cpp...
Compiling src/devices/machine/tms1024.cpp...
Compiling src/devices/machine/tms9914.cpp...
Compiling src/devices/machine/unihammer.cpp...
Compiling src/devices/machine/upd765.cpp...
Compiling src/devices/machine/votraxtnt.cpp...
Compiling src/devices/machine/vrc4373.cpp...
Compiling src/devices/machine/vrc5074.cpp...
Compiling src/devices/machine/vt8231_isa.cpp...
Compiling src/devices/machine/vt82c586b_acpi.cpp...
Compiling src/devices/machine/vt82c586b_ide.cpp...
Compiling src/devices/machine/vt82c586b_isa.cpp...
Compiling src/devices/machine/vt82c586b_usb.cpp...
Compiling src/devices/machine/vt82c598mvp.cpp...
Compiling src/devices/machine/vt83c461.cpp...
Compiling src/devices/machine/watchdog.cpp...
Compiling src/devices/machine/wd1010.cpp...
Compiling src/devices/machine/wd1015.cpp...
Compiling src/devices/machine/wd11c00_17.cpp...
Compiling src/devices/machine/wd2010.cpp...
Compiling src/devices/machine/wd33c9x.cpp...
Compiling src/devices/machine/wd_fdc.cpp...
Compiling src/devices/machine/z80ctc.cpp...
Compiling src/devices/machine/z80daisy.cpp...
Compiling src/devices/machine/z80daisy_generic.cpp...
Compiling src/devices/machine/z80scc.cpp...
Compiling src/devices/machine/z80sio.cpp...
Compiling src/devices/machine/zfmicro_usb.cpp...
Compiling src/devices/sound/ac97_stac9704.cpp...
Compiling src/devices/sound/ad1848.cpp...
Compiling src/devices/sound/asc.cpp...
Compiling src/devices/sound/ay8910.cpp...
Compiling src/devices/sound/bbd.cpp...
Compiling src/devices/sound/beep.cpp...
Compiling src/devices/sound/c352.cpp...
Compiling src/devices/sound/cdda.cpp...
Compiling src/devices/sound/ct1741.cpp...
Compiling src/devices/sound/ct1745.cpp...
Compiling src/devices/sound/dac.cpp...
Compiling src/devices/sound/drivesound.cpp...
Compiling src/devices/sound/flt_biquad.cpp...
Compiling src/devices/sound/flt_rc.cpp...
Compiling src/devices/sound/flt_vol.cpp...
Compiling src/devices/sound/hc55516.cpp...
Compiling src/devices/sound/mixer.cpp...
Compiling src/devices/sound/mos6581.cpp...
Compiling src/devices/sound/saa1099.cpp...
Compiling src/devices/sound/samples.cpp...
Compiling src/devices/sound/sid.cpp...
Compiling src/devices/sound/sidenvel.cpp...
Compiling src/devices/sound/sidvoice.cpp...
Compiling src/devices/sound/sn76496.cpp...
Compiling src/devices/sound/spkrdev.cpp...
Compiling src/devices/sound/swp30.cpp...
Compiling src/devices/sound/tda7433.cpp...
Compiling src/devices/sound/tms5220.cpp...
Compiling src/devices/sound/votrax.cpp...
Compiling src/devices/sound/ymopl.cpp...
Compiling src/devices/sound/ymopm.cpp...
Compiling src/devices/video/ariel.cpp...
Compiling src/devices/video/ati_mach32.cpp...
Compiling src/devices/video/ati_mach8.cpp...
Compiling src/devices/video/atirage.cpp...
Compiling src/devices/video/bt45x.cpp...
Compiling src/devices/video/bt47x.cpp...
Compiling src/devices/video/catseye.cpp...
Compiling src/devices/video/cgapal.cpp...
Compiling src/devices/video/crtc_ega.cpp...
Compiling src/devices/video/ibm8514a.cpp...
Compiling src/devices/video/mb86292.cpp...
Compiling src/devices/video/mc6845.cpp...
Compiling src/devices/video/nereid.cpp...
Compiling src/devices/video/pc_vga.cpp...
Compiling src/devices/video/pc_vga_alliance.cpp...
Compiling src/devices/video/pc_vga_ati.cpp...
Compiling src/devices/video/pc_vga_cirrus.cpp...
Compiling src/devices/video/pc_vga_matrox.cpp...
Compiling src/devices/video/pc_vga_nvidia.cpp...
Compiling src/devices/video/pc_vga_oak.cpp...
Compiling src/devices/video/pc_vga_paradise.cpp...
Compiling src/devices/video/pc_vga_s3.cpp...
Compiling src/devices/video/pc_vga_sis.cpp...
Compiling src/devices/video/pc_vga_trident.cpp...
Compiling src/devices/video/pc_vga_tseng.cpp...
Compiling src/devices/video/pc_vga_video7.cpp...
Compiling src/devices/video/pc_xga.cpp...
Compiling src/devices/video/ps2gif.cpp...
Compiling src/devices/video/ps2gs.cpp...
Compiling src/devices/video/roc10937.cpp...
Compiling src/devices/video/s3virge.cpp...
Compiling src/devices/video/saa7110.cpp...
Compiling src/devices/video/scn2674.cpp...
Compiling src/devices/video/sprite.cpp...
Compiling src/devices/video/tlc34076.cpp...
Compiling src/devices/video/tms34061.cpp...
Compiling src/devices/video/tms9928a.cpp...
Compiling src/devices/video/topcat.cpp...
Compiling src/devices/video/upd7220.cpp...
Compiling src/devices/video/wd90c26.cpp...
Compiling src/devices/video/zr36060.cpp...
Archiving liboptional.a...
Compiling src/mame/mame.cpp...
Compiling generated/mame/upcheck/drivlist.cpp...
Compiling generated/version.cpp...
Linking upcheckd...
